Workbook

Sheet Questionario
B1: QUESTIONÁRIO INDULTO E COMUTAÇÃO - DECRETO Nº 12.970/2025
B2: Planilha elaborada por Tatiana Abreu Miranda e Thiago Oliveira Miranda | C2: @gpsdapena | D2: https://gpsdapena.com.br/
B3: Sentenciado: | C3: Execução nº:
B4: 0 | C4: 0
B5: Unidade Prisional: | C5: 0
B7: Penas Impostas | C7: Anos | D7: Meses | E7: Dias
B8: Total de penas de crimes IMPEDITIVOS em 25/12/2025 | C8: 0 | D8: 0 | E8: 0
B9: Total de penas de crimes COM VIOLÊNCIA ou grave ameaça em 25/12/2025 | C9: 0 | D9: 0 | E9: 0
B10: Total de penas de crimes SEM VIOLÊNCIA ou grave ameaça em 25/12/2025 | C10: 0 | D10: 0 | E10: 0
B12: Total de penas impostas | C12: =Cálculo!K9 -> 0 | D12: =Cálculo!L9 -> 0 | E12: =Cálculo!M9 -> 0
B14: Pena Cumprida | C14: Anos | D14: Meses | E14: Dias
B15: Total de pena cumprida até 25/12/2025 já considerada no Sistema | C15: 5 | D15: 6 | E15: 0
B16: Total de pena cumprida até 25/12/2025 não lançada no Sistema (prisão cautelar, prisão domiciliar, prisão especial ou recolhimento domiciliar noturno, com ou sem monitoramento eletrônico) | C16: 0 | D16: 0 | E16: 0
B17: Pena cumprida dos crimes IMPEDITIVOS até 25/12/2025 | C17: =Cálculo!O15 -> 0 anos 0 meses 0 dias
B18: Pena cumprida nos crimes não impeditivos até 25/12/2025 | C18: =Cálculo!O14 -> Sem pena cumprida
B20: Pena Remanescente | C20: Anos | D20: Meses | E20: Dias
B21: Total de pena remanescente total (impeditivo e não impeditivo) em 25/12/2025 | C21: =Cálculo!O16 -> -5 anos -6 meses 0 dias
B22: Total de pena remanescente dos crimes não impeditivos em 25/12/2025 | C22: =Cálculo!O17 -> Sem pena remanescente
B24: Frações | C24: Anos | D24: Meses | E24: Dias
B25: 2/3 dos crimes IMPEDITIVOS | C25: =Cálculo!D154 -> 0 anos 0 meses 0 dias
B26: 1/5 dos crimes não impeditivos | C26: =Cálculo!D155 -> 0 anos 0 meses 0 dias
B27: 1/4 dos crimes não impeditivos | C27: =Cálculo!D156 -> 0 anos 0 meses 0 dias
B28: 1/3 dos crimes não impeditivos | C28: =Cálculo!D157 -> 0 anos 0 meses 0 dias
B29: 1/2 dos crimes não impeditivos | C29: =Cálculo!D158 -> 0 anos 0 meses 0 dias
B31: Sexo: | E31: MASCULINO
B33: Data de nascimento: | E33: 22089
B35: Reincidente em 25/12/2025? | E35: NÃO
B37: Regime prisional em 25/12/2025: | E37: FECHADO
B39: Se estava no regime semiaberto em 25/12/2025, quanto tempo de pena cumprido ininterruptamente nesse regime? (somar remição concedida no período) | C39: Anos | D39: Meses | E39: Dias
C40: 0 | D40: 0 | E40: 0
B42: Se estava no regime aberto em 25/12/2025, quanto tempo de pena cumprido no regime semiaberto e aberto somados? (somar remição concedida no período) | C42: Anos | D42: Meses | E42: Dias
C43: 0 | D43: 0 | E43: 0
B45: Sentenciado em livramento condicional em 25/12/2025? | E45: NÃO
B47: Estava em 25/12/2025 em monitoramento eletrônico, cuja liberação tenha ocorrido com fundamento na Súmula Vinculante nº 56 do STF (falta de vaga em estabelecimento penal adequado)? Se sim, há quanto tempo? | E47: NÃO
B49: Estava em 25/12/2025 inserida como pré-egressas ou egressas em programa de acompanhamento compatível com a Política de Atenção a Pessoas Egressas do Sistema Prisional? Se sim, há quanto tempo? | E49: NÃO
B51: É pessoa que tenha se submetido, no curso da execução da pena, a programas de justiça restaurativa reconhecidos pelo Poder Judiciário ou por órgãos do Poder Executivo com atribuição em matéria penitenciária, mediante atestado de conclusão do procedimento e resolução satisfatória do conflito firmada por responsável pelo programa, em conformidade com o disposto na Resolução nº 225, de 31 de maio de 2016, do Conselho Nacional de Justiça? | E51: NÃO
B53: Data da última prisão: | E53: 40537
B55: Período em liberdade supera dois anos? (analisar todos os períodos em que houver interrupção no cumprimento de pena) | E55: NÃO
B57: Falta grave cometida entre 25/12/2024 à 25/12/2025? | E57: NÃO
B59: Falta grave cometida durante toda execução de pena? | E59: NÃO
B61: Total de dias de remição após a data da última prisão: | E61: 0
B63: Sentenciado firmou acordo de colaboração premiada? | E63: NÃO
B65: Integra ou integrou facção criminosa? | E65: NÃO
B67: Estava em Regime Disciplinar Diferenciado (RDD) em 25/12/2025? | E67: NÃO
B69: Estava em presídio federal ou em unidade de segurança máxima em 25/12/2025? | E69: NÃO
B71: É pessoa com deficiência (aquela que tem impedimento de longo prazo de natureza física, mental, intelectual ou sensorial, o qual, em interação com uma ou mais barreiras, pode obstruir sua participação plena e efetiva na sociedade em igualdade de condições com as demais pessoas)? | E71: NÃO
B73: Sentenciado com paraplegia, tetraplegia, monoplegia, hemiplegia, ostomia, amputação, paralisia, cegueira ou outra deficiência física que acarrete comprometimento análogo, desde que essas condições não sejam anteriores à prática do crime; infectadas pelo vírus HIV, em estágio terminal; gestantes, cuja gravidez seja considerada de alto risco; acometidas de doença grave, crônica ou altamente contagiosa, que apresentem grave limitação ambulatorial ou severa restrição para participação regular nas atividades oferecidas pela unidade prisional ou, ainda, que exijam cuidados contínuos que não possam ser adequadamente prestados no estabelecimento; ou com transtorno do espectro autista severo (grau 3) ou neurodiversas em condição análoga? | E73: NÃO
B75: É mulher gestante? | E75: NÃO
E76: NÃO
B77: É mulher e tem filho ou filha com até 16 anos de idade? | E77: NÃO
E78: NÃO
B79: É mulher e tem filho ou filha com deficiência? | E79: NÃO
E80: NÃO
B81: No caso de ter filho ou filha com deficiência, ele(a) necessita dos cuidados da mãe? | E81: NÃO
E82: NÃO
B83: É mulher e tem filho ou filha com doença crônica grave? | E83: NÃO
E84: NÃO
B85: No caso de ter filho ou filha com doença crônica grave, ele(a) necessita dos cuidados da mãe? | E85: NÃO
B87: É homem e o único responsável pelos cuidados de filho ou filha menor de 16 anos de idade ou com doença crônica grave ou deficiência? | E87: NÃO
B89: É pessoa imprescindível aos cuidados de criança de até 12 anos de idade ou com doença grave ou deficiência? | E89: NÃO
B91: É avó que possuam netos de até 16 anos de idade ou de qualquer idade, se pessoa com deficiência, nos termos do disposto no art. 2º da Lei nº 13.146, de 6 de julho de 2015, que comprovadamente necessite de seus cuidados e esteja sob sua responsabilidade? | E91: NÃO
B93: Sentenciado obteve 05 saídas temporárias ou trabalhou externamente por, no mínimo, doze meses nos três anos anteriores, contados retroativamente a 25/12/2025? | E93: NÃO
B95: Frequentou, ou estava frequentando, curso de ensino fundamental, médio, superior, profissionalizante ou de requalificação profissional em 25/12/2025? | E95: NÃO
B97: Concluiu, durante a execução da pena, curso de ensino fundamental, médio, superior ou profissionalizante, certificado por autoridade educacional local, nos três anos anteriores a 25/12/2025? | E97: NÃO
B99: O crime praticado com violência ou grave ameaça foi contra filho, filha, criança ou adolescente? | E99: NÃO
B101: Em 25/12/2025 estava respondendo ou foi condenado pela prática de outro crime cometido mediante violência ou grave ameaça a pessoa? | E101: NÃO
B103: Todas as penas foram substituídas por restritiva de direito ou beneficiadas com a suspensão condicional da pena? | E103: NÃO
B105: Todas as condenações foram em regime aberto? | E105: NÃO
B107: Tem crime contra o patrimônio cometido sem violência ou grave ameaça? | E107: NÃO
... B115: O condenado cumpriu a fração indicada no inciso referente ao crime cometido com violência ou grave ameaça a partir da data do delito? (Cuidado! Ao selecionar "NÃO", a Calculadora bloqueará tanto o Indulto quanto a Comutação.) | E115: SIM
B117: Valor da pena de multa (exceto dos crimes impeditivos) | E117: 0
B119: Sentenciado hipossuficiente nos termos do Art. 12, §2º? | E119: NÃO
B121: Tem comutação de Decretos anteriores?
B123: Observações
B124: 0

Sheet Cálculo
C1: PLANILHA DE CÁLCULO PARA INDULTO E COMUTAÇÃO CONFORME O DECRETO Nº 12.970/2025
H2: =IF(I20=2,IF((D6+G8+G7)<N13,"OK","NÃO"),IF((D6+E8+E7)<N13,"OK","NÃO")) -> OK
D5: 2/3 da pena | E5: 1/4 da pena | F5: 1/3 da pena | G5: 1/5 da pena | H5: 1/2 da pena | I5: 1/8 da pena | J5: 1/6 da pena | K5: Anos | L5: Meses | M5: Dias | N5: Total de Dias
C6: TOTAL DE PENAS DE CRIME IMPEDITIVO EM 25/12/2025 | D6: =N6*2/3 -> 0 | E6: =N6*1/4 -> 0 | F6: =N6*1/3 -> 0 | G6: =N6*1/5 -> 0 | H6: =N6*1/2 -> 0 | I6: =N6*1/8 -> 0 | J6: =N6*1/6 -> 0 | K6: =Questionario!C8 -> 0 | L6: =Questionario!D8 -> 0 | M6: =Questionario!E8 -> 0 | N6: =M6+(L6*30)+(K6*360) -> 0 | O6: =""&K6&" anos "&L6&" meses "&M6&" dias" -> 0 anos 0 meses 0 dias | P6: =M6+(L6*30)+(K6*360) -> 0
C7: TOTAL DE PENAS DE CRIME COM VIOLÊNCIA OU GRAVE AMEAÇA EM 25/12/2025 | D7: =N7*2/3 -> 0 | E7: =N7*1/4 -> 0 | F7: =N7*1/3 -> 0 | G7: =N7*1/5 -> 0 | H7: =N7*1/2 -> 0 | I7: =N7*1/8 -> 0 | J7: =N7*1/6 -> 0 | K7: =Questionario!C9 -> 0 | L7: =Questionario!D9 -> 0 | M7: =Questionario!E9 -> 0 | N7: =M7+(L7*30)+(K7*360) -> 0 | O7: =""&K7&" anos "&L7&" meses "&M7&" dias" -> 0 anos 0 meses 0 dias | P7: =M7+(L7*30)+(K7*360) -> 0
C8: TOTAL DE PENAS DE CRIME SEM VIOLÊNCIA OU GRAVE AMEAÇA EM 25/12/2025 | D8: =N8*2/3 -> 0 | E8: =N8*1/4 -> 0 | F8: =N8*1/3 -> 0 | G8: =N8*1/5 -> 0 | H8: =N8*1/2 -> 0 | I8: =N8*1/8 -> 0 | J8: =N8*1/6 -> 0 | K8: =Questionario!C10 -> 0 | L8: =Questionario!D10 -> 0 | M8: =Questionario!E10 -> 0 | N8: =M8+(L8*30)+(K8*360) -> 0 | O8: =""&K8&" anos "&L8&" meses "&M8&" dias" -> 0 anos 0 meses 0 dias | P8: =M8+(L8*30)+(K8*360) -> 0
C9: TOTAL DE PENAS IMPOSTAS | K9: =IF(SUM(M6:M8)<=30,IF(SUM(L6:L8)<=11,SUM(K6:K8),IF(SUM(L6:L8)<=23,SUM(K6:K8)+1,IF(SUM(L6:L8)<=35,SUM(K6:K8)+2,SUM(K6:K8)+3))), IF(SUM(M6:M8)<=60,IF(SUM(L6:L8)+1<=11,SUM(K6:K8),IF(SUM(L6:L8)+1<=23,SUM(K6:K8)+1,IF(SUM(L6:L8)+1<=35,SUM(K6:K8)+2,SUM(K6:K8)+3))), IF(SUM(M6:M8)<=90,IF(SUM(L6:L8)+2<=11,SUM(K6:K8),IF(SUM(L6:L8)+2<=23,SUM(K6:K8)+1,IF(SUM(L6:L8)+2<=35,SUM(K6:K8)+2,SUM(K6:K8)+3))), "ERRO"))) -> 0 | L9: =IF(SUM(M6:M8)<=30,(IF(SUM(L6:L8)<=11,SUM(L6:L8),IF(SUM(L6:L8)<=23,SUM(L6:L8)-12,IF(SUM(L6:L8)<=35,SUM(L6:L8)-24,SUM(L6:L8)-36)))), IF(SUM(M6:M8)<=60,(IF(SUM(L6:L8)+1<=11,SUM(L6:L8)+1,IF(SUM(L6:L8)+1<=23,SUM(L6:L8)+1-12,IF(SUM(L6:L8)+1<=35,SUM(L6:L8)+1-24,SUM(L6:L8)+1-36)))), IF(SUM(M6:M8)<=90,(IF(SUM(L6:L8)+2<=11,SUM(L6:L8)+2,IF(SUM(L6:L8)+2<=23,SUM(L6:L8)+2-12,IF(SUM(L6:L8)+2<=35,SUM(L6:L8)+2-24,SUM(L6:L8)+2-36)))),"ERRO"))) -> 0 | M9: =IF(SUM(M6:M8)<=30,SUM(M6:M8), IF(SUM(M6:M8)<=60,SUM(M6:M8)-30, IF(SUM(M6:M8)<=90,SUM(M6:M8)-60, "ERRO"))) -> 0 | N9: =SUM(N6:N8) -> 0 | O9: =""&K9&" anos "&L9&" meses "&M9&" dias" -> 0 anos 0 meses 0 dias | P9: =SUM(P6:P8) -> 0
C11: Total pena SEEU | K11: =Questionario!C15 -> 5 | L11: =Questionario!D15 -> 6 | M11: =Questionario!E15 -> 0 | N11: =M11+(L11*30)+(K11*360) -> 1980 | O11: =""&K11&" anos "&L11&" meses "&M11&" dias" -> 5 anos 6 meses 0 dias | P11: =M11+(L11*30)+(K11*360) -> 1980
C12: Total de pena não lançada no SEEU | K12: =Questionario!C16 -> 0 | L12: =Questionario!D16 -> 0 | M12: =Questionario!E16 -> 0 | N12: =M12+(L12*30)+(K12*360) -> 0 | O12: =""&K12&" anos "&L12&" meses "&M12&" dias" -> 0 anos 0 meses 0 dias | P12: =M12+(L12*30)+(K12*360) -> 0
C13: TOTAL DE PENA CUMPRIDA ATÉ 25/12/2025 | K13: =IF(SUM(M11:M12)<=30,IF(SUM(L11:L12)<=11,SUM(K11:K12),IF(SUM(L11:L12)<=23,SUM(K11:K12)+1,IF(SUM(L11:L12)<=35,SUM(K11:K12)+2,SUM(K11:K12)+3))), IF(SUM(M11:M12)<=60,IF(SUM(L11:L12)+1<=11,SUM(K11:K12),IF(SUM(L11:L12)+1<=23,SUM(K11:K12)+1,IF(SUM(L11:L12)+1<=35,SUM(K11:K12)+2,SUM(K11:K12)+3))), IF(SUM(M11:M12)<=90,IF(SUM(L11:L12)+2<=11,SUM(K11:K12),IF(SUM(L11:L12)+2<=23,SUM(K11:K12)+1,IF(SUM(L11:L12)+2<=35,SUM(K11:K12)+2,SUM(K11:K12)+3))), "ERRO"))) -> 5 | L13: =IF(SUM(M11:M12)<=30,(IF(SUM(L11:L12)<=11,SUM(L11:L12),IF(SUM(L11:L12)<=23,SUM(L11:L12)-12,IF(SUM(L11:L12)<=35,SUM(L11:L12)-24,SUM(L11:L12)-36)))), IF(SUM(M11:M12)<=60,(IF(SUM(L11:L12)+1<=11,SUM(L11:L12)+1,IF(SUM(L11:L12)+1<=23,SUM(L11:L12)+1-12,IF(SUM(L11:L12)+1<=35,SUM(L11:L12)+1-24,SUM(L11:L12)+1-36)))), IF(SUM(M11:M12)<=90,(IF(SUM(L11:L12)+2<=11,SUM(L11:L12)+2,IF(SUM(L11:L12)+2<=23,SUM(L11:L12)+2-12,IF(SUM(L11:L12)+2<=35,SUM(L11:L12)+2-24,SUM(L11:L12)+2-36)))),"ERRO"))) -> 6 | M13: =IF(SUM(M11:M12)<=30,SUM(M11:M12), IF(SUM(M11:M12)<=60,SUM(M11:M12)-30, IF(SUM(M11:M12)<=90,SUM(M11:M12)-60, "ERRO"))) -> 0 | N13: =SUM(N10:N12) -> 1980 | O13: =""&K13&" anos "&L13&" meses "&M13&" dias" -> 5 anos 6 meses 0 dias | P13: =SUM(P10:P12) -> 1980
C14: PENA CUMPRIDA DESCONTANDO OS 2/3 HEDIONDO | K14: =N14/360 -> 0 | L14: =((N14/360)-ROUNDDOWN((N14/360),0))*12 -> 0 | M14: =((((N14/360)-ROUNDDOWN((N14/360),0))*12)-ROUNDDOWN((((N14/360)-ROUNDDOWN((N14/360),0))*12),0))*30 -> 0 | N14: =IF(N13-D6>=P7+P8,P7+P8,N13-D6) -> 0 | O14: =IF(N14>0,""&ROUNDDOWN(K14,0)&" anos "&ROUNDDOWN(L14,0)&" meses "&ROUND(M14,0)&" dias","Sem pena cumprida") -> Sem pena cumprida | P14: =IF(P13-D6>=P7+P8,P7+P8,P13-D6) -> 0
C15: Pena cumprida dos crimes IMPEDITIVOS | K15: =N15/360 -> 0 | L15: =((N15/360)-ROUNDDOWN((N15/360),0))*12 -> 0 | M15: =((((N15/360)-ROUNDDOWN((N15/360),0))*12)-ROUNDDOWN((((N15/360)-ROUNDDOWN((N15/360),0))*12),0))*30 -> 0 | N15: =IF(N13<D6,N13,D6) -> 0 | O15: =""&ROUNDDOWN(K15,0)&" anos "&ROUNDDOWN(L15,0)&" meses "&ROUND(M15,0)&" dias" -> 0 anos 0 meses 0 dias | P15: =IF(P13<D6,P13,D6) -> 0
C16: PENA REMANESCENTE | K16: =N16/360 -> -5.5 | L16: =((N16/360)-ROUNDDOWN((N16/360),0))*12 -> -6 | M16: =((((N16/360)-ROUNDDOWN((N16/360),0))*12)-ROUNDDOWN((((N16/360)-ROUNDDOWN((N16/360),0))*12),0))*30 -> 0 | N16: =N9-N13 -> -1980 | O16: =""&ROUNDDOWN(K16,0)&" anos "&ROUNDDOWN(L16,0)&" meses "&ROUND(M16,0)&" dias" -> -5 anos -6 meses 0 dias | P16: =P9-P13 -> -1980
C17: PENA REMANESCENTE DESCONTANDO O HEDIONDO | K17: =N17/360 -> -5.5 | L17: =((N17/360)-ROUNDDOWN((N17/360),0))*12 -> -6 | M17: =((((N17/360)-ROUNDDOWN((N17/360),0))*12)-ROUNDDOWN((((N17/360)-ROUNDDOWN((N17/360),0))*12),0))*30 -> 0 | N17: =(N9-N6)-(N13-D6) -> -1980 | O17: =IF(N17>0,""&ROUNDDOWN(K17,0)&" anos "&ROUNDDOWN(L17,0)&" meses "&ROUND(M17,0)&" dias","Sem pena remanescente") -> Sem pena remanescente | P17: =(P9-P6)-(P13-D6) -> -1980
C18: O CONDENADO CUMPRIU 2/3 DA PENA ATÉ 25/12/2025 A PARTIR DA DATA DO CRIME IMPEDITIVO? | I18: =IF(Questionario!E113="SIM",1,IF(Questionario!E113="NÃO",2,IF(Questionario!E113="não se aplica",3,"Erro"))) -> 1
C20: REINCIDENTE? | I20: =IF(Questionario!E35="SIM",1,IF(Questionario!E35="NÃO",2,"Erro")) -> 2
C21: Sentenciado firmou acordo de colaboração premiada? | I21: =IF(Questionario!E63="SIM",1,IF(Questionario!E63="NÃO",2,"Erro")) -> 2
C22: INTEGRA OU INTEGROU FACÇÃO CRIMINOSA? | I22: =IF(Questionario!E65="SIM",1,IF(Questionario!E65="NÃO",2,"Erro")) -> 2
C23: ESTAVA EM RDD EM 25/12/2025? | I23: =IF(Questionario!E67="SIM",1,IF(Questionario!E67="NÃO",2,"Erro")) -> 2
C24: ESTAVA EM PRESÍDIO FEDERAL EM 25/12/2025? | I24: =IF(Questionario!E69="SIM",1,IF(Questionario!E69="NÃO",2,"Erro")) -> 2
C25: QUANTIDADE DE REMIÇÃO APÓS A DATA DA ÚLTIMA PRISÃO EM DIAS | I25: =Questionario!E61 -> 0
C26: Sentenciado com paraplegia, tetraplegia, monoplegia, hemiplegia, ostomia, amputação, paralisia, cegueira ou outra deficiência física que acarrete comprometimento análogo, desde que essas condições não sejam anteriores à prática do crime; infectadas pelo vírus HIV, em estágio terminal; gestantes, cuja gravidez seja considerada de alto risco; acometidas de doença grave, crônica ou altamente contagiosa, que apresentem grave limitação ambulatorial ou severa restrição para participação regular nas atividades oferecidas pela unidade prisional ou, ainda, que exijam cuidados contínuos que não possam ser adequadamente prestados no estabelecimento; ou com transtorno do espectro autista severo (grau 3) ou neurodiversas em condição análoga? | I26: =IF(Questionario!E73="SIM",1,IF(Questionario!E73="NÃO",2,"Erro")) -> 2
C27: Se estava no regime semiaberto em 25/12/2025, quanto tempo de pena cumprido ininterruptamente nesse regime? (somar remição concedida no período) | D27: Anos | E27: Meses | F27: Dias
D28: =Questionario!C40 -> 0 | E28: =Questionario!D40 -> 0 | F28: =Questionario!E40 -> 0 | I28: =F28+(E28*30)+(D28*360) -> 0
C29: Se estava no regime aberto em 25/12/2025, quanto tempo de pena cumprido no regime semiaberto e aberto somados? (somar remição concedida no período) | D29: Anos | E29: Meses | F29: Dias
D30: =Questionario!C43 -> 0 | E30: =Questionario!D43 -> 0 | F30: =Questionario!E43 -> 0 | I30: =F30+(E30*30)+(D30*360) -> 0
C31: SEXO: | I31: =IF(Questionario!E31="feminino",1,IF(Questionario!E31="masculino",2,"Erro")) -> 2
C32: É mulher gestante? | I32: =IF(Questionario!E75="SIM",1,IF(Questionario!E75="NÃO",2,"Erro")) -> 2
C33: É mulher e tem filho ou filha com até 16 anos de idade? | I33: =IF(Questionario!E77="SIM",1,IF(Questionario!E77="NÃO",2,"Erro")) -> 2
C34: É mulher e tem filho ou filha com deficiência? | I34: =IF(Questionario!E79="SIM",1,IF(Questionario!E79="NÃO",2,"Erro")) -> 2
C35: No caso de ter filho ou filha com deficiência, ele(a) necessita dos cuidados da mãe? | I35: =IF(Questionario!E81="SIM",1,IF(Questionario!E81="NÃO",2,"Erro")) -> 2
C36: É mulher e tem filho ou filha com doença crônica grave? | I36: =IF(Questionario!E83="SIM",1,IF(Questionario!E83="NÃO",2,"Erro")) -> 2
C37: No caso de ter filho ou filha com doença crônica grave, ele necessita dos cuidados da mãe? | I37: =IF(Questionario!E85="SIM",1,IF(Questionario!E85="NÃO",2,"Erro")) -> 2
C38: É mulher gestante ou que tem filho ou filha com até dezesseis anos de idade ou com doença crônica grave ou deficiência? | I38: =IF(Questionario!#REF!="SIM",1,IF(Questionario!#REF!="NÃO",2,"Erro")) -> #REF!
C39: É mulher e possui filhos de até 16 anos de idade ou de qualquer idade, se pessoa com deficiência que comprovadamente necessite de seus cuidados? | I39: =IF(Questionario!#REF!="SIM",1,IF(Questionario!#REF!="NÃO",2,"Erro")) -> #REF!
C40: É mulher e possui filho menor de 16 anos de idade ou de qualquer idade, se pessoa com deficiência ou com doença crônica grave que necessite de seus cuidados? | I40: =IF(Questionario!#REF!="SIM",1,IF(Questionario!#REF!="NÃO",2,"Erro")) -> #REF! | K40: =IF(OR(I33=1,(AND(I34=1,I35=1)),(AND(I36=1,I37=1))),"OK","NÃO") -> NÃO
C41: É homem e o único responsável pelos cuidados de filho ou filha menor de dezesseis anos de idade ou com doença crônica grave ou deficiência? | I41: =IF(Questionario!E87="SIM",1,IF(Questionario!E87="NÃO",2,"Erro")) -> 2
C42: Pessoa imprescindível aos cuidados de criança de até doze anos de idade ou com doença grave ou deficiência? | I42: =IF(Questionario!E89="SIM",1,IF(Questionario!E89="NÃO",2,"Erro")) -> 2
C43: É avó que possuam netos de até doze anos de idade ou de qualquer idade, se pessoa com deficiência, nos termos do disposto no art. 2º da Lei nº 13.146, de 6 de julho de 2015, que comprovadamente necessite de seus cuidados e esteja sob sua responsabilidade? | I43: =IF(Questionario!E91="SIM",1,IF(Questionario!E91="NÃO",2,"Erro")) -> 2
C44: Pessoas com deficiência (aquela que tem impedimento de longo prazo de natureza física, mental, intelectual ou sensorial, o qual, em interação com uma ou mais barreiras, pode obstruir sua participação plena e efetiva na sociedade em igualdade de condições com as demais pessoas) | I44: =IF(Questionario!E71="SIM",1,IF(Questionario!E71="NÃO",2,"Erro")) -> 2
C45: pessoas que tenham se submetido, no curso da execução da pena, a programas de justiça restaurativa reconhecidos pelo Poder Judiciário ou por órgãos do Poder Executivo com atribuição em matéria penitenciária, mediante atestado de conclusão do procedimento e resolução satisfatória do conflito firmada por responsável pelo programa, em conformidade com o disposto na Resolução nº 225, de 31 de maio de 2016, do Conselho Nacional de Justiça. | I45: =IF(Questionario!E51="SIM",1,IF(Questionario!E51="NÃO",2,"Erro")) -> 2
C46: crime praticado com violência ou grave ameaça contra filho, filha, criança ou adolescente | I46: =IF(Questionario!E99="SIM",1,IF(Questionario!E99="NÃO",2,"Erro")) -> 2
C47: Período em liberdade supera dois anos (analisar todos os períodos em que houver interrupção no cumprimento de pena); | I47: =IF(Questionario!E55="SIM",1,IF(Questionario!E55="NÃO",2,"Erro")) -> 2
C49: DATA DA ÚLTIMA PRISÃO: | D49: =Questionario!E53 -> 40537 | E49: 46016 | F49: =E49-D49 -> 5479 | G49: ="- "&DATEDIF(0,F49,"y")&" anos "&DATEDIF(0,F49,"ym")&" meses "&DATEDIF(0,F49,"md")&" dias" -> - 14 anos 11 meses 31 dias
C51: FALTA GRAVE COMETIDA ENTRE 25/12/2024 À 25/12/2024? | I51: =IF(Questionario!E57="SIM",1,IF(Questionario!E57="NÃO",2,"Erro")) -> 2
C52: Falta grave cometida durante toda execução de pena? | I52: =IF(Questionario!E59="SIM",1,IF(Questionario!E59="NÃO",2,"Erro")) -> 2
C53: DATA DE NASCIMENTO: | D53: =Questionario!E33 -> 22089 | E53: 46016 | F53: =E53-D53 -> 23927 | G53: ="- "&DATEDIF(0,F53,"y")&" anos "&DATEDIF(0,F53,"ym")&" meses "&DATEDIF(0,F53,"md")&" dias" -> - 65 anos 6 meses 4 dias
C55: Tem crime contra o patrimônio cometido sem violência ou grave ameaça? | I55: =IF(Questionario!E107="SIM",1,IF(Questionario!E107="NÃO",2,"Erro")) -> 2
C56: REPAROU O DANO ATÉ 25 DE DEZEMBRO DE 2025 OU NÃO TEVE DANO OU HÁ INCAPACIDADE ECONÔMICA DE REPARÁ-LO? | I56: =IF(Questionario!E109="SIM",1,IF(Questionario!E109="NÃO",2,IF(Questionario!E109="não se aplica",3,"Erro"))) -> 2
C57: VALOR DO BEM ESTIMADO NÃO É SUPERIOR A UM SALÁRIO-MÍNIMO? | I57: =IF(Questionario!E111="SIM",1,IF(Questionario!E111="NÃO",2,IF(Questionario!E111="não se aplica",3,"Erro"))) -> 2
C59: VALOR DA PENA DE MULTA (EXECTO DOS CRIMES IMPEDITIVOS) | D59: =Questionario!E117 -> 0
C60: SENTENCIADO HIPOSSUFICIENTE? | I60: =IF(Questionario!E119="SIM",1,IF(Questionario!E119="NÃO",2,"Erro")) -> 2
C62: SENTENCIADO TEVE 5 SAÍDAS TEMPORÁRIAS ou TRABALHO EXTERNO | I62: =IF(Questionario!E93="SIM",1,IF(Questionario!E93="NÃO",2,"Erro")) -> 2
C63: REGIME PRISIONAL EM 25/12/2025: | I63: =IF(Questionario!E37="fechado",1,IF(Questionario!E37="semiaberto",2,IF(Questionario!E37="aberto",3,"Erro"))) -> 1 | L63: ATÉ 06 MESES
C64: SENTENCIADO EM LIVRAMENTO CONDICIONAL EM 25/12/2025? | I64: =IF(Questionario!E45="SIM",1,IF(Questionario!E45="NÃO",2,"Erro")) -> 2 | L64: DE 06 HÁ 12 MESES
C65: TEM ALGUMA PENA SUBSTITUÍDA POR RESTRITIVA DE DIREITO? | I65: =IF(Questionario!E103="SIM",1,IF(Questionario!E103="NÃO",2,"Erro")) -> 2 | L65: ACIMA DE 12 MESES
C66: TEM CONDENAÇÃO EM REGIME ABERTO? | I66: =IF(Questionario!E105="SIM",1,IF(Questionario!E105="NÃO",2,"Erro")) -> 2
C67: Em 25/12/2025 estava respondendo ou foi condenado pela prática de outro crime cometido mediante violência ou grave ameaça a pessoa? | I67: =IF(Questionario!E101="SIM",1,IF(Questionario!E101="NÃO",2,"Erro")) -> 2
C68: Estava em 25/12/2025 inserida como pré-egressas ou egressas em programa de acompanhamento compatível com a Política de Atenção a Pessoas Egressas do Sistema Prisional há quanto tempo? | I68: =IF(Questionario!E49="NÃO",1,IF(Questionario!E49="HÁ MENOS DE 01 ANO",2,IF(Questionario!E49="ENTRE 01 E 02 ANOS",3,IF(Questionario!E49="HÁ MAIS DE 02 ANOS",4,"Erro")))) -> 1
C69: Estava em 25/12/2025 em monitoramento eletrônico, cuja liberação tenha ocorrido com fundamento na Súmula Vinculante nº 56 do STF (falta de vaga em estabelecimento penal adequado)? Se sim, há quanto tempo? | I69: =IF(Questionario!E47="NÃO",1,IF(Questionario!E47="HÁ MENOS DE 01 ANO E 06 MESES",2,IF(Questionario!E47="ENTRE 01 ANO E 06 MESES E 03 ANOS",3,IF(Questionario!E47="HÁ MAIS DE 03 ANOS",4,"Erro")))) -> 1
C70: Frequentou, ou estava frequentando, curso de ensino fundamental, médio, superior, profissionalizante ou de requalificação profissional em 25/12/2025? | I70: =IF(Questionario!E95="NÃO",1,IF(Questionario!E95="MENOS DE 12 MESES",2,IF(Questionario!E95="MAIS DE 12 MESES NOS ÚLTIMOS 3 ANOS",3,IF(Questionario!E95="MAIS DE 18 MESES NOS ÚLTIMOS 5 ANOS",4,"Erro")))) -> 1
C71: Concluiu, durante a execução da pena, curso de ensino fundamental, médio, superior ou profissionalizante, certificado por autoridade educacional local, nos três anos anteriores a 25/12/2025? | I71: =IF(Questionario!E97="SIM",1,IF(Questionario!E97="NÃO",2,"Erro")) -> 2
C72: Após a calculadora indicar o indulto para os crimes sem violência ou grave ameaça (I a IX, XI, XV e XI, o reeducando cumpriu a fração correspondente ao crime cometido com violência ou grave ameaça a partir da data do delito? | I72: =IF(Questionario!E115="SIM",1,IF(Questionario!E115="NÃO",2,"Erro")) -> 1
P73: REGRAS ESPECÍFICAS
E74: "I19, I 20, I21 E I36 TEM QUE ESTAR NÃO (FALTA GRAVE, RDD, FACÇÃO E PRESIDIO FEDERAL, ACORDO COLABORAÇÃO | F74: C10 (TOTAL DE PENAS)TEM QUE SER MENOR OU IGUAL A 8 ANOS | G74: I16 (CUMPRIU IMPEDITIVO DATA FATO)TEM QUE ESTAR SIM OU NÃO SE APLICA | H74: TEM QUE TER CUMPRIDO 2/3 SE TIVER PENA NA L6 (CRIME HEDIONDO) | I74: SE O I18 (REINCIDENTE) ESTIVER NÃO TEM QUE CUMPRIR 1/5 DA PENA TOTAL DA L8 + L7 + 2/3 DO HEDIONDO SE A I18 ESTIVER SIM TEM QUE CUMPRIR 1/3 DA PENA TOTAL DA L8 + L7 + 2/3 DO HEDIONDO | J74: I8 TEM QUE ESTAR PREENCHIDO | K74: CUMPRIU FRAÇÃO CRIME COM VIOLÊNCIA A PARTIR DA DATA DO DELITO | P74: IDADE MAIOR QUE 60 ANOS OU DEFICIÊNCIA OU MULHER COM FILHO OU HOMEM COM FILHO OU PESSOAS IMPRESCINDÍVEIS OU PROGRAMA JUSTIÇA RESTAURATIVA | Q74: CRIME NÃO PRATICADO CONTRA FILHO, CRIANÇA OU ADOLESCENTE | R74: REDUÇÃO DO PRAZO 1/2
C75: I - a pena privativa de liberdade não superior a oito anos, por crime praticado sem violência ou grave ameaça a pessoa, que tenham cumprido, até 25 de dezembro de 2025, um quinto da pena, se não reincidentes, ou um terço da pena, se reincidentes; | E75: =IF(I22=1,"NÃO",IF(I23=1,"NÃO",IF(I24=1,"NÃO",IF(I51=1,"NÃO",IF(I21=1,"NÃO","OK"))))) -> OK | F75: =IF(N9<=8*360,"OK","NÃO") -> OK | G75: =IF(I18=1,"OK",IF(I18=3,"OK","NÃO")) -> OK | H75: =IF(N6=0,"OK",IF(N13>=(N6*2/3),"OK","NÃO")) -> OK | I75: =IF(I20=2,IF((D6+G8+G7)<=(N13),"OK","NÃO"),IF((D6+F8+F7)<=(N13),"OK","NÃO")) -> OK | J75: =IF(N8=0,"NÃO","OK") -> NÃO | K75: =IF(I72=1,"OK",IF(I72=3,"OK","NÃO")) -> OK | O75: =IF(SUM(E76:K76)=7,"Preenche os requisitos","Não preenche os requisitos") -> Não preenche os requisitos | P75: =IF(OR(D53<=DATE(2025-60,12,25),I32=1,I33=1,I34=1,I36=1,I41=1,I42=1,I44=1,I45=1),"OK","NÃO") -> OK | Q75: =IF(I46=2,"OK","NÃO") -> OK | R75: =IF(I20=2,IF(((D6+G8/2+G7/2))<=(N13),"OK","NÃO"),IF(((D6+F8/2+F7/2))<=(N13),"OK","NÃO")) -> OK | T75: =IF(SUM(E76+F76+G76+H76+J76+K76+P76+Q76+R76)=9,"Preenche os requisitos","Não preenche os requisitos") -> Não preenche os requisitos
E76: =IF(E75="OK",1,2) -> 1 | F76: =IF(F75="OK",1,2) -> 1 | G76: =IF(G75="OK",1,2) -> 1 | H76: =IF(H75="OK",1,2) -> 1 | I76: =IF(I75="OK",1,2) -> 1 | J76: =IF(J75="OK",1,2) -> 2 | K76: =IF(K75="OK",1,2) -> 1 | P76: =IF(P75="OK",1,2) -> 1 | Q76: =IF(Q75="OK",1,2) -> 1 | R76: =IF(R75="OK",1,2) -> 1
E77: "I19, I 20, I21 E I36 TEM QUE ESTAR NÃO (FALTA GRAVE, RDD, FACÇÃO E PRESIDIO FEDERAL, ACORDO COLABORAÇÃO | F77: L9 TEM QUE MENOR OU IGUAL A 12 ANOS | G77: I16 (CUMPRIU IMPEDITIVO DATA FATO)TEM QUE ESTAR SIM OU NÃO SE APLICA | H77: TEM QUE TER CUMPRIDO 2/3 SE TIVER PENA NA L6 (CRIME HEDIONDO) | I77: SE O L18 (REINCIDENTE) ESTIVER NÃO TEM QUE CUMPRIR 1/3 DA PENA TOTAL DA L8 + L7 + 2/3 DO HEDIONDO SE A L18 ESTIVER SIM TEM QUE CUMPRIR 1/2 DA PENA TOTAL DA L8 + L7+ 2/3 DO HEDIONDO | J77: L8 (CRIME SEM VIOLÊNCIA) TEM QUE ESTAR PREENCHIDO | K77: CUMPRIU FRAÇÃO CRIME COM VIOLÊNCIA A PARTIR DA DATA DO DELITO | P77: IDADE MAIOR QUE 60 ANOS OU DEFICIÊNCIA OU MULHER COM FILHO OU HOMEM COM FILHO OU PESSOAS IMPRESCINDÍVEIS OU PROGRAMA JUSTIÇA RESTAURATIVA | Q77: CRIME NÃO PRATICADO CONTRA FILHO, CRIANÇA OU ADOLESCENTE | R77: REDUÇÃO DO PRAZO 1/2
C78: II - a pena privativa de liberdade não superior a doze anos, por crime praticado sem violência ou grave ameaça a pessoa, que tenham cumprido, até 25 de dezembro de 2025, um terço da pena, se não reincidentes, ou metade da pena, se reincidentes; | E78: =IF(I22=1,"NÃO",IF(I23=1,"NÃO",IF(I24=1,"NÃO",IF(I51=1,"NÃO",IF(I21=1,"NÃO","OK"))))) -> OK | F78: =IF(AND(N9<=12*360),"OK","NÃO") -> OK | G78: =IF(I18=1,"OK",IF(I18=3,"OK","NÃO")) -> OK | H78: =IF(N6=0,"OK",IF(N13>=(N6*2/3),"OK","NÃO")) -> OK | I78: =IF(I20=2,IF((D6+F8+F7)<=(N13),"OK","NÃO"),IF((D6+H8+H7)<=(N13),"OK","NÃO")) -> OK | J78: =IF(N8=0,"NÃO","OK") -> NÃO | K78: =IF(I72=1,"OK",IF(I72=3,"OK","NÃO")) -> OK | O78: =IF(SUM(E79:K79)=7,"Preenche os requisitos","Não preenche os requisitos") -> Não preenche os requisitos | P78: =IF(OR(D53<=DATE(2025-60,12,25),I32=1,I33=1,I34=1,I36=1,I41=1,I42=1,I44=1,I45=1),"OK","NÃO") -> OK | Q78: =IF(I46=2,"OK","NÃO") -> OK | R78: =IF(I20=2,IF(((D6+F8/2+F7/2))<=(N13),"OK","NÃO"),IF((D6+H8/2+H7/2)<=(N13),"OK","NÃO")) -> OK | T78: =IF(SUM(E79+F79+G79+H79+J79+K79+P79+Q79+R79)=9,"Preenche os requisitos","Não preenche os requisitos") -> Não preenche os requisitos
E79: =IF(E78="OK",1,2) -> 1 | F79: =IF(F78="OK",1,2) -> 1 | G79: =IF(G78="OK",1,2) -> 1 | H79: =IF(H78="OK",1,2) -> 1 | I79: =IF(I78="OK",1,2) -> 1 | J79: =IF(J78="OK",1,2) -> 2 | K79: =IF(K78="OK",1,2) -> 1 | P79: =IF(P78="OK",1,2) -> 1 | Q79: =IF(Q78="OK",1,2) -> 1 | R79: =IF(R78="OK",1,2) -> 1
E80: "I19, I 20, I21 E I36 TEM QUE ESTAR NÃO (FALTA GRAVE, RDD, FACÇÃO E PRESIDIO FEDERAL, ACORDO COLABORAÇÃO | F80: L9 TEM QUE MENOR OU IGUAL A 04 ANOS | G80: I16 (CUMPRIU IMPEDITIVO DATA FATO)TEM QUE ESTAR SIM OU NÃO SE APLICA | H80: TEM QUE TER CUMPRIDO 2/3 SE TIVER PENA NA L6 (CRIME HEDIONDO) | I80: SE O L18 (REINCIDENTE) ESTIVER NÃO TEM QUE CUMPRIR 1/3 DA PENA TOTAL DA L8 + L7 + 2/3 DO HEDIONDO SE A L18 ESTIVER SIM TEM QUE CUMPRIR 1/2 DA PENA TOTAL DA L8 + L7+ 2/3 DO HEDIONDO | J80: L7 (CRIME COM VIOLÊNCIA) TEM QUE ESTAR PREENCHIDO | K80: CUMPRIU FRAÇÃO CRIME COM VIOLÊNCIA A PARTIR DA DATA DO DELITO | P80: IDADE MAIOR QUE 60 ANOS OU DEFICIÊNCIA OU MULHER COM FILHO OU HOMEM COM FILHO OU PESSOAS IMPRESCINDÍVEIS OU PROGRAMA JUSTIÇA RESTAURATIVA | Q80: CRIME NÃO PRATICADO CONTRA FILHO, CRIANÇA OU ADOLESCENTE | R80: REDUÇÃO DO PRAZO 1/2 - SE O L18 (REINCIDENTE) ESTIVER NÃO TEM QUE CUMPRIR 1/3 DA PENA TOTAL DA L8 + L7 + 2/3 DO HEDIONDO SE A L18 ESTIVER SIM TEM QUE CUMPRIR 1/2 DA PENA TOTAL DA L8 + L7+ 2/3 DO HEDIONDO
C81: III - a pena privativa de liberdade não superior a quatro anos, por crime praticado com violência ou grave ameaça a pessoa, que tenham cumprido, até 25 de dezembro de 2025, um terço da pena, se não reincidentes, ou metade da pena, se reincidentes; | E81: =IF(I22=1,"NÃO",IF(I23=1,"NÃO",IF(I24=1,"NÃO",IF(I51=1,"NÃO",IF(I21=1,"NÃO","OK"))))) -> OK | F81: =IF(AND(N9<=4*360),"OK","NÃO") -> OK | G81: =IF(I18=1,"OK",IF(I18=3,"OK","NÃO")) -> OK | H81: =IF(N6=0,"OK",IF(N13>=(N6*2/3),"OK","NÃO")) -> OK | I81: =IF(I20=2,IF((D6+F8+F7)<=(N13),"OK","NÃO"),IF((D6+H8+H7)<=(N13),"OK","NÃO")) -> OK | J81: =IF(N7=0,"NÃO","OK") -> NÃO | K81: =IF(I72=1,"OK",IF(I72=3,"OK","NÃO")) -> OK | O81: =IF(SUM(E82:K82)=7,"Preenche os requisitos","Não preenche os requisitos") -> Não preenche os requisitos | P81: =IF(OR(D53<=DATE(2025-60,12,25),I32=1,I33=1,I34=1,I36=1,I41=1,I42=1,I44=1,I45=1),"OK","NÃO") -> OK | Q81: =IF(I46=2,"OK","NÃO") -> OK | R81: =IF(I20=2,IF((D6+F8/2+F7/2)<=(N13),"OK","NÃO"),IF((D6+H8/2+H7/2)<=(N13),"OK","NÃO")) -> OK | T81: =IF(SUM(E82+F82+G82+H82+J82+K82+P82+Q82+R82)=9,"Preenche os requisitos","Não preenche os requisitos") -> Não preenche os requisitos
E82: =IF(E81="OK",1,2) -> 1 | F82: =IF(F81="OK",1,2) -> 1 | G82: =IF(G81="OK",1,2) -> 1 | H82: =IF(H81="OK",1,2) -> 1 | I82: =IF(I81="OK",1,2) -> 1 | J82: =IF(J81="OK",1,2) -> 2 | K82: =IF(K81="OK",1,2) -> 1 | P82: =IF(P81="OK",1,2) -> 1 | Q82: =IF(Q81="OK",1,2) -> 1 | R82: =IF(R81="OK",1,2) -> 1
E83: "I19, I 20, I21 E I36 TEM QUE ESTAR NÃO (FALTA GRAVE, RDD, FACÇÃO E PRESIDIO FEDERAL, ACORDO COLABORAÇÃO | F83: I16 (CUMPRIU IMPEDITIVO DATA FATO)TEM QUE ESTAR SIM OU NÃO SE APLICA | G83: TEM QUE TER CUMPRIDO 2/3 SE TIVER PENA NA L6 (CRIME HEDIONDO) | H83: J34 (PENA ININTERRUPTA) TEM QUE SER MAIOR OU IGUAL A 15 ANOS SE O I18 (REINCIDÊNCIA) ESTIVER NÃO + SOMADA COM A REMIÇÃO | I83: L8 (CRIME SEM VIOLÊNCIA E COM VIOLÊNCIA) TEM QUE ESTAR PREENCHIDO | J83: SE FOR PRIMÁRIO A PENA CUMPRIDA TOTAL TEM QUE SER MAIOR QUE 2/3 HEDIONDO + 15 ANOS, SE FOR REINCIDENTE 2/3 HEDIONDO MAIS 20 ANOS | P83: IDADE MAIOR QUE 60 ANOS OU DEFICIÊNCIA OU MULHER COM FILHO OU HOMEM COM FILHO OU PESSOAS IMPRESCINDÍVEIS OU PROGRAMA JUSTIÇA RESTAURATIVA | Q83: CRIME NÃO PRATICADO CONTRA FILHO, CRIANÇA OU ADOLESCENTE | R83: REDUÇÃO DO PRAZO 1/2 - J34 (PENA ININTERRUPTA) TEM QUE SER MAIOR OU IGUAL A 15 ANOS SE O I18 (REINCIDÊNCIA) ESTIVER NÃO + SOMADA COM A REMIÇÃO | S83: REDUÇÃO DO PRAZO 1/2 - SE FOR PRIMÁRIO A PENA CUMPRIDA TOTAL TEM QUE SER MAIOR QUE 2/3 HEDIONDO + 15 ANOS, SE FOR REINCIDENTE 2/3 HEDIONDO MAIS 20 ANOS
C84: IV - a pena privativa de liberdade que, até 25 de dezembro de 2025, tenham cumprido, ininterruptamente, quinze anos da pena, se não reincidentes, ou vinte anos da pena, se reincidentes; | E84: =IF(I22=1,"NÃO",IF(I23=1,"NÃO",IF(I24=1,"NÃO",IF(I51=1,"NÃO",IF(I21=1,"NÃO","OK"))))) -> OK | F84: =IF(I18=1,"OK",IF(I18=3,"OK","NÃO")) -> OK | G84: =IF(N6=0,"OK",IF(N13>=(N6*2/3),"OK","NÃO")) -> OK | H84: =IF(I20=2,IF((F49+I25)>=(5480),"OK","NÃO"),IF(I20=1,IF((F49+I25)>=(7306),"OK","NÃO"),"NÃO")) -> NÃO | I84: =IF(OR(N8=0)*(N7=0),"NÃO","OK") -> NÃO | J84: =IF(I20=2,IF(N13>=D6+(15*360),"OK","NÃO"),IF(N13>=D6+(20*360),"OK","NÃO")) -> NÃO | O84: =IF(SUM(E85:J85)=6,"Preenche os requisitos","Não preenche os requisitos") -> Não preenche os requisitos | P84: =IF(OR(D53<=DATE(2025-60,12,25),I32=1,I33=1,I34=1,I36=1,I41=1,I42=1,I44=1,I45=1),"OK","NÃO") -> OK | Q84: =IF(I46=2,"OK","NÃO") -> OK | R84: =IF(I20=2,IF((F49+I25)>=(5480/2),"OK","NÃO"),IF(I20=1,IF((F49+I25)>=(7306/2),"OK","NÃO"),"NÃO")) -> OK | S84: =IF(I20=2,IF(N13>=D6+(15*360/2),"OK","NÃO"),IF(N13>=D6+(20*360/2),"OK","NÃO")) -> NÃO | T84: =IF(SUM(E85+F85+G85+I85+P85+Q85+R85+S85)=8,"Preenche os requisitos","Não preenche os requisitos") -> Não preenche os requisitos
E85: =IF(E84="OK",1,2) -> 1 | F85: =IF(F84="OK",1,2) -> 1 | G85: =IF(G84="OK",1,2) -> 1 | H85: =IF(H84="OK",1,2) -> 2 | I85: =IF(I84="OK",1,2) -> 2 | J85: =IF(J84="OK",1,2) -> 2 | P85: =IF(P84="OK",1,2) -> 1 | Q85: =IF(Q84="OK",1,2) -> 1 | R85: =IF(R84="OK",1,2) -> 1 | S85: =IF(S84="OK",1,2) -> 2
E86: "I19, I 20, I21 E I36 TEM QUE ESTAR NÃO (FALTA GRAVE, RDD, FACÇÃO E PRESIDIO FEDERAL, ACORDO COLABORAÇÃO | F86: I16 (CUMPRIU IMPEDITIVO DATA FATO)TEM QUE ESTAR SIM OU NÃO SE APLICA | G86: TEM QUE TER CUMPRIDO 2/3 SE TIVER PENA NA L6 (CRIME HEDIONDO) | H86: PENA TOTAL CUMPRIDA TEM QUE SER MAIOR DE 20 ANOS PARA PRIMÁRIO OU 25 PARA REINCIDENTE | I86: L8 (CRIME SEM VIOLÊNCIA E COM VIOLÊNCIA) TEM QUE ESTAR PREENCHIDO | J86: SE FOR PRIMÁRIO A PENA CUMPRIDA TOTAL TEM QUE SER MAIOR QUE 2/3 HEDIONDO + 20 ANOS, SE FOR REINCIDENTE 2/3 HEDIONDO MAIS 25 ANOS | K86: PERÍODO EM LIBERDADE NÃO SUPERE 2 ANOS | P86: IDADE MAIOR QUE 60 ANOS OU DEFICIÊNCIA OU MULHER COM FILHO OU HOMEM COM FILHO OU PESSOAS IMPRESCINDÍVEIS OU PROGRAMA JUSTIÇA RESTAURATIVA | Q86: CRIME NÃO PRATICADO CONTRA FILHO, CRIANÇA OU ADOLESCENTE | R86: REDUÇÃO DO PRAZO 1/2 - PENA TOTAL CUMPRIDA TEM QUE SER MAIOR DE 20 ANOS PARA PRIMÁRIO OU 25 PARA REINCIDENTE | S86: REDUÇÃO DO PRAZO 1/2 - SE FOR PRIMÁRIO A PENA CUMPRIDA TOTAL TEM QUE SER MAIOR QUE 2/3 HEDIONDO + 20 ANOS, SE FOR REINCIDENTE 2/3 HEDIONDO MAIS 25 ANOS
C87: V - a pena privativa de liberdade que, até 25 de dezembro de 2025, tenham cumprido, não ininterruptamente, vinte anos da pena, se não reincidentes, ou vinte e cinco anos da pena, se reincidentes, desde que o período em liberdade não supere dois anos; | E87: =IF(I22=1,"NÃO",IF(I23=1,"NÃO",IF(I24=1,"NÃO",IF(I51=1,"NÃO",IF(I21=1,"NÃO","OK"))))) -> OK | F87: =IF(I18=1,"OK",IF(I18=3,"OK","NÃO")) -> OK | G87: =IF(N6=0,"OK",IF(N13>=(N6*2/3),"OK","NÃO")) -> OK | H87: =IF(I20=2,IF((N13)>=(20*360),"OK","NÃO"),IF((25*360)<=(N13),"OK","NÃO")) -> NÃO | I87: =IF(OR(N8=0)*(N7=0),"NÃO","OK") -> NÃO | J87: =IF(I20=2,IF(N13>=D6+(20*360),"OK","NÃO"),IF(N13>=D6+(25*360),"OK","NÃO")) -> NÃO | K87: =IF(I47=1,"NÃO","OK") -> OK | O87: =IF(SUM(E88:K88)=7,"Preenche os requisitos","Não preenche os requisitos") -> Não preenche os requisitos | P87: =IF(OR(D53<=DATE(2025-60,12,25),I32=1,I33=1,I34=1,I36=1,I41=1,I42=1,I44=1,I45=1),"OK","NÃO") -> OK | Q87: =IF(I46=2,"OK","NÃO") -> OK | R87: =IF(I20=2,IF((N13)>=(20*360/2),"OK","NÃO"),IF((25*360/2)<=(N13),"OK","NÃO")) -> NÃO | S87: =IF(I20=2,IF(N13>=D6+(20*360/2),"OK","NÃO"),IF(N13>=D6+(25*360/2),"OK","NÃO")) -> NÃO | T87: =IF(SUM(E88+F88+G88+I88+K88+P88+Q88+R88+S88)=9,"Preenche os requisitos","Não preenche os requisitos") -> Não preenche os requisitos
E88: =IF(E87="OK",1,2) -> 1 | F88: =IF(F87="OK",1,2) -> 1 | G88: =IF(G87="OK",1,2) -> 1 | H88: =IF(H87="OK",1,2) -> 2 | I88: =IF(I87="OK",1,2) -> 2 | J88: =IF(J87="OK",1,2) -> 2 | K88: =IF(K87="OK",1,2) -> 1 | P88: =IF(P87="OK",1,2) -> 1 | Q88: =IF(Q87="OK",1,2) -> 1 | R88: =IF(R87="OK",1,2) -> 2 | S88: =IF(S87="OK",1,2) -> 2
E89: "I19, I 20, I21 E I36 TEM QUE ESTAR NÃO (FALTA GRAVE, RDD, FACÇÃO E PRESIDIO FEDERAL, ACORDO COLABORAÇÃO | F89: I16 (CUMPRIU IMPEDITIVO DATA FATO)TEM QUE ESTAR SIM OU NÃO SE APLICA | G89: TEM QUE TER CUMPRIDO 2/3 SE TIVER PENA NA L6 (CRIME HEDIONDO) | H89: PENA TOTAL CUMPRIDA NO SEMIABERTO TEM SER MAIOR DE 10 ANOS PARA PRIMÁRIO OU 15 PARA REINCIDENTE | I89: L8 (CRIME SEM VIOLÊNCIA E COM VIOLÊNCIA) TEM QUE ESTAR PREENCHIDO | J89: SE FOR PRIMÁRIO A PENA CUMPRIDA TOTAL TEM QUE SER MAIOR QUE 2/3 HEDIONDO + 10 ANOS, SE FOR REINCIDENTE 2/3 HEDIONDO MAIS 15 ANOS | K89: TEM QUE SER REGIME SEMIABERTO | P89: IDADE MAIOR QUE 60 ANOS OU DEFICIÊNCIA OU MULHER COM FILHO OU HOMEM COM FILHO OU PESSOAS IMPRESCINDÍVEIS OU PROGRAMA JUSTIÇA RESTAURATIVA | Q89: CRIME NÃO PRATICADO CONTRA FILHO, CRIANÇA OU ADOLESCENTE | R89: REDUÇÃO DO PRAZO 1/2 - PENA TOTAL CUMPRIDA NO SEMIABERTO TEM SER MAIOR DE 10 ANOS PARA PRIMÁRIO OU 15 PARA REINCIDENTE | S89: REDUÇÃO DO PRAZO 1/2 - SE FOR PRIMÁRIO A PENA CUMPRIDA TOTAL TEM QUE SER MAIOR QUE 2/3 HEDIONDO + 10 ANOS, SE FOR REINCIDENTE 2/3 HEDIONDO MAIS 15 ANOS
C90: VI - a pena privativa de liberdade que, até 25 de dezembro de 2025, tenham cumprido em regime semiaberto, ininterruptamente, dez anos da pena, se não reincidentes, ou quinze anos da pena, se reincidentes; | E90: =IF(I22=1,"NÃO",IF(I23=1,"NÃO",IF(I24=1,"NÃO",IF(I51=1,"NÃO",IF(I21=1,"NÃO","OK"))))) -> OK | F90: =IF(I18=1,"OK",IF(I18=3,"OK","NÃO")) -> OK | G90: =IF(N6=0,"OK",IF(N13>=(N6*2/3),"OK","NÃO")) -> OK | H90: =IF(I20=2,IF((I28)>=(10*360),"OK","NÃO"),IF((15*360)<=(I28),"OK","NÃO")) -> NÃO | I90: =IF(OR(N8=0)*(N7=0),"NÃO","OK") -> NÃO | J90: =IF(I20=2,IF(N13>=D6+(10*360),"OK","NÃO"),IF(N13>=D6+(15*360),"OK","NÃO")) -> NÃO | K90: =IF(I63=2,"OK","NÃO") -> NÃO | O90: =IF(SUM(E91:K91)=7,"Preenche os requisitos","Não preenche os requisitos") -> Não preenche os requisitos | P90: =IF(OR(D53<=DATE(2025-60,12,25),I32=1,I33=1,I34=1,I36=1,I41=1,I42=1,I44=1,I45=1),"OK","NÃO") -> OK | Q90: =IF(I46=2,"OK","NÃO") -> OK | R90: =IF(I20=2,IF((I28)>=(10*360/2),"OK","NÃO"),IF((15*360/2)<=(I28),"OK","NÃO")) -> NÃO | S90: =IF(I20=2,IF(N13>=D6+(10*360/2),"OK","NÃO"),IF(N13>=D6+(15*360/2),"OK","NÃO")) -> OK | T90: =IF(SUM(E91+F91+G91+I91+K91+P91+Q91+R91+S91)=9,"Preenche os requisitos","Não preenche os requisitos") -> Não preenche os requisitos
E91: =IF(E90="OK",1,2) -> 1 | F91: =IF(F90="OK",1,2) -> 1 | G91: =IF(G90="OK",1,2) -> 1 | H91: =IF(H90="OK",1,2) -> 2 | I91: =IF(I90="OK",1,2) -> 2 | J91: =IF(J90="OK",1,2) -> 2 | K91: =IF(K90="OK",1,2) -> 2 | P91: =IF(P90="OK",1,2) -> 1 | Q91: =IF(Q90="OK",1,2) -> 1 | R91: =IF(R90="OK",1,2) -> 2 | S91: =IF(S90="OK",1,2) -> 1
E92: "I19, I 20, I21 E I36 TEM QUE ESTAR NÃO (FALTA GRAVE, RDD, FACÇÃO E PRESIDIO FEDERAL, ACORDO COLABORAÇÃO | F92: I52 (PENA SUBSTITUÍDA OU SUSPENSÃO DA PENA CONDENADA EM ABERTO) TEM QUE ESTAR SIM | G92: I16 (CUMPRIU IMPEDITIVO DATA FATO)TEM QUE ESTAR SIM OU NÃO SE APLICA | H92: TEM QUE TER CUMPRIDO 2/3 SE TIVER PENA NA L6 (CRIME HEDIONDO) | I92: SE O I18 (REINCIDENTE) ESTIVER NÃO TEM QUE CUMPRIR 1/6 DA PENA TOTAL DA L7 E L8 + 2/3 DO HEDIONDO OU SE A I18 ESTIVER SIM TEM QUE CUMPRIR 1/5 DA PENA TOTAL DA L7 E L8 + 2/3 DO HEDIONDO | J92: L8 (CRIME SEM VIOLÊNCIA) TEM QUE ESTAR PREENCHIDO L7 (CRIME COM VIOLÊNCIA) TEM QUE ESTAR PREENCHIDO | P92: IDADE MAIOR QUE 60 ANOS OU DEFICIÊNCIA OU MULHER COM FILHO OU HOMEM COM FILHO OU PESSOAS IMPRESCINDÍVEIS OU PROGRAMA JUSTIÇA RESTAURATIVA | Q92: CRIME NÃO PRATICADO CONTRA FILHO, CRIANÇA OU ADOLESCENTE | R92: REDUÇÃO DO PRAZO 1/2 - SE O I18 (REINCIDENTE) ESTIVER NÃO TEM QUE CUMPRIR 1/6 DA PENA TOTAL DA L7 E L8 + 2/3 DO HEDIONDO OU SE A I18 ESTIVER SIM TEM QUE CUMPRIR 1/5 DA PENA TOTAL DA L7 E L8 + 2/3 DO HEDIONDO
C93: VII - a pena privativa de liberdade sob o regime aberto ou substituída por pena restritiva de direitos, na forma prevista no art. 44 do Decreto-Lei nº 2.848, de 7 de dezembro de 1940 – Código Penal, ou beneficiadas com a suspensão condicional da pena, que tenham cumprido, até 25 de dezembro de 2025, um sexto da pena, se não reincidentes, ou um quinto da pena, se reincidentes; | E93: =IF(I22=1,"NÃO",IF(I23=1,"NÃO",IF(I24=1,"NÃO",IF(I51=1,"NÃO",IF(I21=1,"NÃO","OK"))))) -> OK | F93: =IF(OR(I65=1,I66=1),"OK","NÃO") -> NÃO | G93: =IF(I18=1,"OK",IF(I18=3,"OK","NÃO")) -> OK | H93: =IF(N6=0,"OK",IF(N13>=(N6*2/3),"OK","NÃO")) -> OK | I93: =IF(I20=2,IF((D6+J7+J8)<=(N13),"OK","NÃO"),IF((D6+G7+G8)<=(N13),"OK","NÃO")) -> OK | J93: =IF(AND(N8=0,N7=0),"NÃO","OK") -> NÃO | O93: =IF(SUM(E94:J94)=6,"Preenche os requisitos","Não preenche os requisitos") -> Não preenche os requisitos | P93: =IF(OR(D53<=DATE(2025-60,12,25),I32=1,I33=1,I34=1,I36=1,I41=1,I42=1,I44=1,I45=1),"OK","NÃO") -> OK | Q93: =IF(I46=2,"OK","NÃO") -> OK | R93: =IF(I20=2,IF((D6+J7/2+J8/2)<=(N13),"OK","NÃO"),IF((D6+G7/2+G8/2)<=(N13),"OK","NÃO")) -> OK | T93: =IF(SUM(E94+F94+G94+H94+J94+P94+Q94+R94)=8,"Preenche os requisitos","Não preenche os requisitos") -> Não preenche os requisitos
E94: =IF(E93="OK",1,2) -> 1 | F94: =IF(F93="OK",1,2) -> 2 | G94: =IF(G93="OK",1,2) -> 1 | H94: =IF(H93="OK",1,2) -> 1 | I94: =IF(I93="OK",1,2) -> 1 | J94: =IF(J93="OK",1,2) -> 2 | P94: =IF(P93="OK",1,2) -> 1 | Q94: =IF(Q93="OK",1,2) -> 1 | R94: =IF(R93="OK",1,2) -> 1
E95: "I19, I 20, I21 E I36 TEM QUE ESTAR NÃO (FALTA GRAVE, RDD, FACÇÃO E PRESIDIO FEDERAL, ACORDO COLABORAÇÃO | F95: I49 (REGIME) TEM QUE ESTAR ABERTO OU O I50 (LIVRAMENTO) TEM QUE ESTAR SIM | G95: I16 (CUMPRIU IMPEDITIVO DATA FATO)TEM QUE ESTAR SIM OU NÃO SE APLICA | H95: TEM QUE TER CUMPRIDO 2/3 SE TIVER PENA NA L6 (CRIME HEDIONDO) | I95: SE O I18 (REINCIDENTE) ESTIVER NÃO A DIFERENÇA ENTRE A L9 (PENA TOTAL) E A L11 (PENA CUMPRIDA) TEM QUE SER MENOR QUE 6 ANOS - SE O I18 (REINCIDENTE) ESTIVER SIM A DIFERENÇA ENTRE A L9 (PENA TOTAL) E A L11 (PENA CUMPRIDA) TEM QUE SER MENOR QUE 4 ANOS | J95: L8 (CRIME SEM VIOLÊNCIA) TEM QUE ESTAR PREENCHIDO L7 (CRIME COM VIOLÊNCIA) TEM QUE ESTAR PREENCHIDO | P95: IDADE MAIOR QUE 60 ANOS OU DEFICIÊNCIA OU MULHER COM FILHO OU HOMEM COM FILHO OU PESSOAS IMPRESCINDÍVEIS OU PROGRAMA JUSTIÇA RESTAURATIVA | Q95: CRIME NÃO PRATICADO CONTRA FILHO, CRIANÇA OU ADOLESCENTE | R95: REDUÇÃO DO PRAZO 1/2 - SE O I18 (REINCIDENTE) ESTIVER NÃO A DIFERENÇA ENTRE A L9 (PENA TOTAL) E A L11 (PENA CUMPRIDA) TEM QUE SER MENOR QUE 6 ANOS - SE O I18 (REINCIDENTE) ESTIVER SIM A DIFERENÇA ENTRE A L9 (PENA TOTAL) E A L11 (PENA CUMPRIDA) TEM QUE SER MENOR QUE 4 ANOS
C96: VIII - a pena privativa de liberdade que estejam em livramento condicional ou cumprindo pena em regime aberto, cujo período da pena remanescente, em 25 de dezembro de 2025, não seja superior a seis anos, se não reincidentes, ou quatro anos, se reincidentes; | E96: =IF(I22=1,"NÃO",IF(I23=1,"NÃO",IF(I24=1,"NÃO",IF(I51=1,"NÃO",IF(I21=1,"NÃO","OK"))))) -> OK | F96: =IF(OR(I63=3,I64=1),"OK","NÃO") -> NÃO | G96: =IF(I18=1,"OK",IF(I18=3,"OK","NÃO")) -> OK | H96: =IF(N6=0,"OK",IF(N13>=(N6*2/3),"OK","NÃO")) -> OK | I96: =IF(I20=2,IF((N16)<=6*360,"OK","NÃO"),IF((N16)<=4*360,"OK","NÃO")) -> OK | J96: =IF(AND(N8=0,N7=0),"NÃO","OK") -> NÃO | O96: =IF(SUM(E97:J97)=6,"Preenche os requisitos","Não preenche os requisitos") -> Não preenche os requisitos | P96: =IF(OR(D53<=DATE(2025-60,12,25),I32=1,I33=1,I34=1,I36=1,I41=1,I42=1,I44=1,I45=1),"OK","NÃO") -> OK | Q96: =IF(I46=2,"OK","NÃO") -> OK | R96: =IF(I20=2,IF((N16)<=6*360*2,"OK","NÃO"),IF((N16)<=4*360*2,"OK","NÃO")) -> OK | T96: =IF(SUM(E97+F97+G97+H97+J97+P97+Q97+R97)=8,"Preenche os requisitos","Não preenche os requisitos") -> Não preenche os requisitos
E97: =IF(E96="OK",1,2) -> 1 | F97: =IF(F96="OK",1,2) -> 2 | G97: =IF(G96="OK",1,2) -> 1 | H97: =IF(H96="OK",1,2) -> 1 | I97: =IF(I96="OK",1,2) -> 1 | J97: =IF(J96="OK",1,2) -> 2 | P97: =IF(P96="OK",1,2) -> 1 | Q97: =IF(Q96="OK",1,2) -> 1 | R97: =IF(R96="OK",1,2) -> 1
E98: "I19, I 20, I21 E I36 TEM QUE ESTAR NÃO (FALTA GRAVE, RDD, FACÇÃO E PRESIDIO FEDERAL, ACORDO COLABORAÇÃO | F98: I52 (PENA SUBSTITUÍDA OU SUSPENSÃO DA PENA CONDENADA EM ABERTO) TEM QUE ESTAR SIM OU EM LIVRAMENTO CONDICIONAL | G98: I16 (CUMPRIU IMPEDITIVO DATA FATO)TEM QUE ESTAR SIM OU NÃO SE APLICA | H98: TEM QUE TER CUMPRIDO 2/3 SE TIVER PENA NA L6 (CRIME HEDIONDO) | I98: TEM QUE SER EGRESSA A MAIS DE 02 ANOS | J98: L8 (CRIME SEM VIOLÊNCIA) TEM QUE ESTAR PREENCHIDO L7 (CRIME COM VIOLÊNCIA) TEM QUE ESTAR PREENCHIDO | P98: IDADE MAIOR QUE 60 ANOS OU DEFICIÊNCIA OU MULHER COM FILHO OU HOMEM COM FILHO OU PESSOAS IMPRESCINDÍVEIS OU PROGRAMA JUSTIÇA RESTAURATIVA | Q98: CRIME NÃO PRATICADO CONTRA FILHO, CRIANÇA OU ADOLESCENTE | R98: REDUÇÃO DO PRAZO 1/2 - TEM QUE SER EGRESSA A MAIS DE 02 ANOS
C99: IX - a pena privativa de liberdade sob regime aberto ou substituída por pena restritiva de direitos, ou em cumprimento de livramento condicional ou em suspensão condicional da pena que, até 25 de dezembro de 2025, estejam inseridas como pré-egressas ou egressas em programa de acompanhamento compatível com a Política de Atenção a Pessoas Egressas do Sistema Prisional, instituída pela Resolução nº 307, de 17 de dezembro de 2019, do Conselho Nacional de Justiça, por, no mínimo, dois anos, atendidas por meio de patronatos, escritórios sociais, centrais de alternativas penais ou órgãos congêneres, e que obtenham parecer favorável de aproveitamento do responsável local pelo programa de atendimento; | E99: =IF(I22=1,"NÃO",IF(I23=1,"NÃO",IF(I24=1,"NÃO",IF(I51=1,"NÃO",IF(I21=1,"NÃO","OK"))))) -> OK | F99: =IF(OR(I65=1,I66=1,I64=1),"OK","NÃO") -> NÃO | G99: =IF(I18=1,"OK",IF(I18=3,"OK","NÃO")) -> OK | H99: =IF(N6=0,"OK",IF(N13>=(N6*2/3),"OK","NÃO")) -> OK | I99: =IF(I68=4,"OK","NÃO") -> NÃO | J99: =IF(AND(N8=0,N7=0),"NÃO","OK") -> NÃO | O99: =IF(SUM(E100:J100)=6,"Preenche os requisitos","Não preenche os requisitos") -> Não preenche os requisitos | P99: =IF(OR(D53<=DATE(2025-60,12,25),I32=1,I33=1,I34=1,I36=1,I41=1,I42=1,I44=1,I45=1),"OK","NÃO") -> OK | Q99: =IF(I46=2,"OK","NÃO") -> OK | R99: =IF(OR(I68=3,I68=4),"OK","NÃO") -> NÃO | T99: =IF(SUM(E100+F100+G100+H100+J100+P100+Q100+R100)=8,"Preenche os requisitos","Não preenche os requisitos") -> Não preenche os requisitos
E100: =IF(E99="OK",1,2) -> 1 | F100: =IF(F99="OK",1,2) -> 2 | G100: =IF(G99="OK",1,2) -> 1 | H100: =IF(H99="OK",1,2) -> 1 | I100: =IF(I99="OK",1,2) -> 2 | J100: =IF(J99="OK",1,2) -> 2 | P100: =IF(P99="OK",1,2) -> 1 | Q100: =IF(Q99="OK",1,2) -> 1 | R100: =IF(R99="OK",1,2) -> 2
E101: "I19, I 20, I21 E I36 TEM QUE ESTAR NÃO (FALTA GRAVE, RDD, FACÇÃO E PRESIDIO FEDERAL, ACORDO COLABORAÇÃO | F101: I16 (CUMPRIU IMPEDITIVO DATA FATO)TEM QUE ESTAR SIM OU NÃO SE APLICA | G101: TEM QUE TER CUMPRIDO 2/3 SE TIVER PENA NA L6 (CRIME HEDIONDO) | H101: TEM QUE SER REGIME SEMIABERTO | I101: MONITORAÇÃO HÁ MAIS DE 03 ANOS | J101: L8 (CRIME SEM VIOLÊNCIA) TEM QUE ESTAR PREENCHIDO L7 (CRIME COM VIOLÊNCIA) TEM QUE ESTAR PREENCHIDO | P101: IDADE MAIOR QUE 60 ANOS OU DEFICIÊNCIA OU MULHER COM FILHO OU HOMEM COM FILHO OU PESSOAS IMPRESCINDÍVEIS OU PROGRAMA JUSTIÇA RESTAURATIVA | Q101: CRIME NÃO PRATICADO CONTRA FILHO, CRIANÇA OU ADOLESCENTE | R101: REDUÇÃO DO PRAZO 1/2 - TEM QUE ESTAR EM MONITORAÇÃO ELETRÔNICA
C102: X - a pena privativa de liberdade que, até 25 de dezembro de 2025, em regime semiaberto mediante monitoramento eletrônico, na forma prevista na Resolução nº 412, de 23 de agosto de 2021, do Conselho Nacional de Justiça, cuja liberação tenha ocorrido com fundamento na Súmula Vinculante nº 56 do Supremo Tribunal Federal, e que se encontrem nessa condição há mais de três anos; | E102: =IF(I22=1,"NÃO",IF(I23=1,"NÃO",IF(I24=1,"NÃO",IF(I51=1,"NÃO",IF(I21=1,"NÃO","OK"))))) -> OK | F102: =IF(I18=1,"OK",IF(I18=3,"OK","NÃO")) -> OK | G102: =IF(N6=0,"OK",IF(N13>=(N6*2/3),"OK","NÃO")) -> OK | H102: =IF(I63=2,"OK","NÃO") -> NÃO | I102: =IF(I69=4,"OK","NÃO") -> NÃO | J102: =IF(AND(N8=0,N7=0),"NÃO","OK") -> NÃO | O102: =IF(SUM(E103:J103)=6,"Preenche os requisitos","Não preenche os requisitos") -> Não preenche os requisitos | P102: =IF(OR(D53<=DATE(2025-60,12,25),I32=1,I33=1,I34=1,I36=1,I41=1,I42=1,I44=1,I45=1),"OK","NÃO") -> OK | Q102: =IF(I46=2,"OK","NÃO") -> OK | R102: =IF(OR(I69=3,I69=4),"OK","NÃO") -> NÃO | T102: =IF(SUM(E103+F103+G103+H103+J103+P103+Q103+R103)=8,"Preenche os requisitos","Não preenche os requisitos") -> Não preenche os requisitos
E103: =IF(E102="OK",1,2) -> 1 | F103: =IF(F102="OK",1,2) -> 1 | G103: =IF(G102="OK",1,2) -> 1 | H103: =IF(H102="OK",1,2) -> 2 | I103: =IF(I102="OK",1,2) -> 2 | J103: =IF(J102="OK",1,2) -> 2 | P103: =IF(P102="OK",1,2) -> 1 | Q103: =IF(Q102="OK",1,2) -> 1 | R103: =IF(R102="OK",1,2) -> 2
E104: "I19, I 20, I21 E I36 TEM QUE ESTAR NÃO (FALTA GRAVE, RDD, FACÇÃO E PRESIDIO FEDERAL, ACORDO COLABORAÇÃO | F104: L9 TEM QUE SER MENOR OU IGUAL A 12 ANOS | G104: I48 (SAÍDAS E TRABALHO) TEM QUE ESTAR SIM | H104: I16 (CUMPRIU IMPEDITIVO DATA FATO)TEM QUE ESTAR SIM OU NÃO SE APLICA | I104: TEM QUE TER CUMPRIDO 2/3 SE TIVER PENA NA L6 (CRIME HEDIONDO) | J104: SE O I18 (REINCIDENTE) ESTIVER NÃO TEM QUE CUMPRIR 1/3 DA PENA TOTAL DA L8 + L7 + 2/3 DO HEDIONDO E SE A I18 ESTIVER SIM TEM QUE CUMPRIR 1/2 DA PENA TOTAL DA L8 + L7 + 2/3 DO HEDIONDO | K104: L8 (CRIME SEM VIOLÊNCIA) TEM QUE ESTAR PREENCHIDO L7 (CRIME COM VIOLÊNCIA) TEM QUE ESTAR PREENCHIDO | L104: I49 (REGIME) TEM QUE ESTAR SEMIABERTO OU ABERTO | M104: PENA CUMPRIDA NO REGIME SEMIABERTO E ABERTO TEM QUE SER MAIOR QUE 1/3 PARA PRIMÁRIO E 1/2 PARA REINCIDENTE | P104: IDADE MAIOR QUE 60 ANOS OU DEFICIÊNCIA OU MULHER COM FILHO OU HOMEM COM FILHO OU PESSOAS IMPRESCINDÍVEIS OU PROGRAMA JUSTIÇA RESTAURATIVA | Q104: CRIME NÃO PRATICADO CONTRA FILHO, CRIANÇA OU ADOLESCENTE | R104: REDUÇÃO DO PRAZO 1/2 - SE O I18 (REINCIDENTE) ESTIVER NÃO TEM QUE CUMPRIR 1/3 DA PENA TOTAL DA L8 + L7 + 2/3 DO HEDIONDO E SE A I18 ESTIVER SIM TEM QUE CUMPRIR 1/2 DA PENA TOTAL DA L8 + L7 + 2/3 DO HEDIONDO | S104: PENA CUMPRIDA NO REGIME SEMIABERTO E ABERTO TEM QUE SER MAIOR QUE 1/3 PARA PRIMÁRIO E 1/2 PARA REINCIDENTE
C105: XI - a pena privativa de liberdade não superior a doze anos, desde que já tenham cumprido um terço da pena, se não reincidentes, ou metade da pena, se reincidentes, em regime semiaberto ou aberto, e que tenham usufruído, até 25 de dezembro de 2025, de, no mínimo, cinco saídas temporárias previstas no art. 122, combinado com o art. 124, caput, da Lei nº 7.210, de 11 de julho de 1984, ou que tenham exercido trabalho externo por, no mínimo, doze meses nos três anos anteriores, contados retroativamente a 25 de dezembro de 2025; | E105: =IF(I22=1,"NÃO",IF(I23=1,"NÃO",IF(I24=1,"NÃO",IF(I51=1,"NÃO",IF(I21=1,"NÃO","OK"))))) -> OK | F105: =IF(N9<=12*360,"OK","NÃO") -> OK | G105: =IF(I62=1,"OK","NÃO") -> NÃO | H105: =IF(I18=1,"OK",IF(I18=3,"OK","NÃO")) -> OK | I105: =IF(N6=0,"OK",IF(N13>=(N6*2/3),"OK","NÃO")) -> OK | J105: =IF(I20=2,IF((D6+F8+F7)<=(N13),"OK","NÃO"),IF((D6+H8+H7)<=(N13),"OK","NÃO")) -> OK | K105: =IF(AND(N8=0,N7=0),"NÃO","OK") -> NÃO | L105: =IF(AND(I63=1),"NÃO","OK") -> NÃO | M105: =IF(I20=2,IF((I30)>=(F7+F8),"OK","NÃO"),IF((H7+H8)<=(I30),"OK","NÃO")) -> OK | O105: =IF(SUM(E106:M106)=9,"Preenche os requisitos","Não preenche os requisitos") -> Não preenche os requisitos | P105: =IF(OR(D53<=DATE(2025-60,12,25),I32=1,I33=1,I34=1,I36=1,I41=1,I42=1,I44=1,I45=1),"OK","NÃO") -> OK | Q105: =IF(I46=2,"OK","NÃO") -> OK | R105: =IF(I20=2,IF((D6+F8/2+F7/2)<=(N13),"OK","NÃO"),IF((D6+H8/2+H7/2)<=(N13),"OK","NÃO")) -> OK | S105: =IF(I20=2,IF((I30)>=((F7+F8)/2),"OK","NÃO"),IF(((H7+H8)/2)<=(I30),"OK","NÃO")) -> OK | T105: =IF(SUM(E106+F106+G106+H106+I106+K106+L106+P106+Q106+R106+S106)=11,"Preenche os requisitos","Não preenche os requisitos") -> Não preenche os requisitos
E106: =IF(E105="OK",1,2) -> 1 | F106: =IF(F105="OK",1,2) -> 1 | G106: =IF(G105="OK",1,2) -> 2 | H106: =IF(H105="OK",1,2) -> 1 | I106: =IF(I105="OK",1,2) -> 1 | J106: =IF(J105="OK",1,2) -> 1 | K106: =IF(K105="OK",1,2) -> 2 | L106: =IF(L105="OK",1,2) -> 2 | M106: =IF(M105="OK",1,2) -> 1 | P106: =IF(P105="OK",1,2) -> 1 | Q106: =IF(Q105="OK",1,2) -> 1 | R106: =IF(R105="OK",1,2) -> 1 | S106: =IF(S105="OK",1,2) -> 1
E107: "I19, I 20, I21 E I36 TEM QUE ESTAR NÃO (FALTA GRAVE, RDD, FACÇÃO E PRESIDIO FEDERAL, ACORDO COLABORAÇÃO | F107: L9 TEM QUE SER MENOR OU IGUAL A 12 ANOS | G107: ESTUDO PARA PRIMÁRIO TEM QUE SER DE 12 MESES E PARA REINCIDENTE 18 MESES | H107: I16 (CUMPRIU IMPEDITIVO DATA FATO)TEM QUE ESTAR SIM OU NÃO SE APLICA | I107: TEM QUE TER CUMPRIDO 2/3 SE TIVER PENA NA L6 (CRIME HEDIONDO) | J107: SE O I18 (REINCIDENTE) ESTIVER NÃO TEM QUE CUMPRIR 1/5 DA PENA TOTAL DA L8 + L7 + 2/3 DO HEDIONDO E SE A I18 ESTIVER SIM TEM QUE CUMPRIR 1/4 DA PENA TOTAL DA L8 + L7 + 2/3 DO HEDIONDO | K107: L8 (CRIME SEM VIOLÊNCIA) TEM QUE ESTAR PREENCHIDO L7 (CRIME COM VIOLÊNCIA) TEM QUE ESTAR PREENCHIDO
C108: XII - a pena privativa de liberdade não superior a doze anos, desde que já tenham cumprido um quinto da pena, se não reincidentes, ou um quarto da pena, se reincidentes, e que tenham frequentado, ou estejam frequentando, curso de ensino fundamental, médio, superior, profissionalizante ou de requalificação profissional, na forma prevista no art. 126, caput, da Lei nº 7.210, de 11 de julho de 1984, por, no mínimo, doze meses, nos três anos anteriores, se não reincidentes, ou dezoito meses, nos cinco anos anteriores, se reincidentes, contados retroativamente a 25 de dezembro de 2024; | E108: =IF(I22=1,"NÃO",IF(I23=1,"NÃO",IF(I24=1,"NÃO",IF(I51=1,"NÃO",IF(I21=1,"NÃO","OK"))))) -> OK | F108: =IF(N9<=12*360,"OK","NÃO") -> OK | G108: =IF(I20=2,IF(I70=3,"OK","NÃO"),IF(I70=4,"OK","NÃO")) -> NÃO | H108: =IF(I18=1,"OK",IF(I18=3,"OK","NÃO")) -> OK | I108: =IF(N6=0,"OK",IF(N13>=(N6*2/3),"OK","NÃO")) -> OK | J108: =IF(I20=2,IF((D6+J8+J7)<=(N13),"OK","NÃO"),IF((D6+G8+G7)<=(N13),"OK","NÃO")) -> OK | K108: =IF(AND(N8=0,N7=0),"NÃO","OK") -> NÃO | O108: =IF(SUM(E109:K109)=7,"Preenche os requisitos","Não preenche os requisitos") -> Não preenche os requisitos
C109: XII - à pena privativa de liberdade não superior a doze anos, desde que já tenham cumprido um sexto da pena, se não reincidentes, ou um quinto da pena, se reincidentes, e que tenham frequentado, ou estejam frequentando, curso de ensino fundamental, médio, superior, profissionalizante ou de requalificação profissional, na forma prevista no art. 126 da Lei nº 7.210, de 11 de julho de 1984, por, no mínimo, doze meses, nos três anos anteriores, se não reincidentes, ou dezoito meses, nos cinco anos anteriores, se reincidentes, contados retroativamente a 25 de dezembro de 2025; | E109: =IF(E108="OK",1,2) -> 1 | F109: =IF(F108="OK",1,2) -> 1 | G109: =IF(G108="OK",1,2) -> 2 | H109: =IF(H108="OK",1,2) -> 1 | I109: =IF(I108="OK",1,2) -> 1 | J109: =IF(J108="OK",1,2) -> 1 | K109: =IF(K108="OK",1,2) -> 2
...

Sheet Resultado
C3: RESULTADO INDULTO E COMUTAÇÃO - DECRETO 12.970/2025
C4: Planilha elaborada por Tatiana Abreu Miranda e Thiago Oliveira Miranda | D4: @gpsdapena | E4: https://gpsdapena.com.br/
C5: Sentenciado: | D5: Execução nº:
C6: =Questionario!B4 -> 0 | D6: =Questionario!C4 -> 0
C7: Indulto - Art. 9º, 10 e 11 | D7: Regra Geral | E7: Regra Especial (§ 2º)
C9: I - à pena privativa de liberdade não superior a oito anos, por crime praticado sem violência ou grave ameaça a pessoa, que tenham cumprido, até 25 de dezembro de 2025, um quinto da pena, se não reincidentes, ou um terço da pena, se reincidentes; | D9: =Cálculo!O75 -> Não preenche os requisitos | E9: =Cálculo!T75 -> Não preenche os requisitos
C11: II - à pena privativa de liberdade não superior a doze anos, por crime praticado sem violência ou grave ameaça a pessoa, que tenham cumprido, até 25 de dezembro de 2025, um terço da pena, se não reincidentes, ou metade da pena, se reincidentes; | D11: =Cálculo!O78 -> Não preenche os requisitos | E11: =Cálculo!T78 -> Não preenche os requisitos
C13: III - à pena privativa de liberdade não superior a quatro anos, por crime praticado com violência ou grave ameaça a pessoa, que tenham cumprido, até 25 de dezembro de 2025, um terço da pena, se não reincidentes, ou metade da pena, se reincidentes; | D13: =Cálculo!O81 -> Não preenche os requisitos | E13: =Cálculo!T81 -> Não preenche os requisitos
C15: IV - à pena privativa de liberdade que, até 25 de dezembro de 2025, tenham cumprido, ininterruptamente, quinze anos da pena, se não reincidentes, ou vinte anos da pena, se reincidentes; | D15: =Cálculo!O84 -> Não preenche os requisitos | E15: =Cálculo!T84 -> Não preenche os requisitos
C17: V - à pena privativa de liberdade que, até 25 de dezembro de 2025, tenham cumprido, não ininterruptamente, vinte anos da pena, se não reincidentes, ou vinte e cinco anos da pena, se reincidentes, desde que o período em liberdade não supere dois anos; | D17: =Cálculo!O87 -> Não preenche os requisitos | E17: =Cálculo!T87 -> Não preenche os requisitos
C19: VI - à pena privativa de liberdade que, até 25 de dezembro de 2025, tenham cumprido em regime semiaberto, ininterruptamente, dez anos da pena, se não reincidentes, ou quinze anos da pena, se reincidentes; | D19: =Cálculo!O90 -> Não preenche os requisitos | E19: =Cálculo!T90 -> Não preenche os requisitos
C21: VII - à pena privativa de liberdade sob o regime aberto ou substituída por pena restritiva de direitos, na forma prevista no art. 44 do Decreto-Lei nº 2.848, de 7 de dezembro de 1940 – Código Penal, ou beneficiadas com a suspensão condicional da pena, que tenham cumprido, até 25 de dezembro de 2025, um sexto da pena, se não reincidentes, ou um quinto da pena, se reincidentes; | D21: =Cálculo!O93 -> Não preenche os requisitos | E21: =Cálculo!T93 -> Não preenche os requisitos
C23: VIII - à pena privativa de liberdade que estejam em livramento condicional ou cumprindo pena em regime aberto, cujo período da pena remanescente, em 25 de dezembro de 2025, não seja superior a seis anos, se não reincidentes, ou quatro anos, se reincidentes; | D23: =Cálculo!O96 -> Não preenche os requisitos | E23: =Cálculo!T96 -> Não preenche os requisitos
C25: IX - à pena privativa de liberdade sob regime inicial aberto ou substituída por pena restritiva de direitos, ou em cumprimento de livramento condicional ou em suspensão condicional da pena que, até 25 de dezembro de 2025, estejam inseridas como pré-egressas ou egressas em programa de acompanhamento compatível com a Política de Atenção a Pessoas Egressas do Sistema Prisional, instituída pela Resolução nº 307, de 17 de dezembro de 2019, do Conselho Nacional de Justiça, por, no mínimo, dois anos, atendidas por meio de patronatos, escritórios sociais, centrais de alternativas penais ou órgãos congêneres, e que obtenham parecer favorável de aproveitamento do responsável local pelo programa de atendimento; | D25: =Cálculo!O99 -> Não preenche os requisitos | E25: =Cálculo!T99 -> Não preenche os requisitos
C27: X - à pena privativa de liberdade que, até 25 de dezembro de 2025, em regime semiaberto mediante monitoramento eletrônico, na forma prevista na Resolução nº 412, de 23 de agosto de 2021, do Conselho Nacional de Justiça, cuja liberação tenha ocorrido com fundamento na Súmula Vinculante nº 56 do Supremo Tribunal Federal e que se encontrem nessa condição há mais de três anos; | D27: =Cálculo!O102 -> Não preenche os requisitos | E27: =Cálculo!T102 -> Não preenche os requisitos
C29: XI - à pena privativa de liberdade não superior a doze anos, desde que já tenham cumprido um terço da pena, se não reincidentes, ou metade da pena, se reincidentes, em regime semiaberto ou aberto, e que tenham usufruído, até 25 de dezembro de 2025, de, no mínimo, cinco saídas temporárias previstas no art. 122 da Lei nº 7.210, de 11 de julho de 1984, ou que tenham exercido trabalho externo por, no mínimo, doze meses nos três anos anteriores, contados retroativamente a 25 de dezembro de 2025; | D29: =Cálculo!O105 -> Não preenche os requisitos | E29: =Cálculo!T105 -> Não preenche os requisitos
C31: XII - à pena privativa de liberdade não superior a doze anos, desde que já tenham cumprido um sexto da pena, se não reincidentes, ou um quinto da pena, se reincidentes, e que tenham frequentado, ou estejam frequentando, curso de ensino fundamental, médio, superior, profissionalizante ou de requalificação profissional, na forma prevista no art. 126 da Lei nº 7.210, de 11 de julho de 1984, por, no mínimo, doze meses, nos três anos anteriores, se não reincidentes, ou dezoito meses, nos cinco anos anteriores, se reincidentes, contados retroativamente a 25 de dezembro de 2025; | D31: =Cálculo!O108 -> Não preenche os requisitos | E31: Sem previsão no Decreto
C33: XIII - à pena privativa de liberdade não superior a doze anos, desde que já tenham cumprido um quinto da pena, se não reincidentes, ou um quarto da pena, se reincidentes, e tenham concluído, durante a execução da pena, curso de ensino fundamental, médio, superior ou profissionalizante, certificado por autoridade educacional local, na forma prevista no art. 126 da Lei nº 7.210, de 11 de julho de 1984, nos três anos anteriores, contados retroativamente a 25 de dezembro de 2025; | D33: =Cálculo!O111 -> Não preenche os requisitos | E33: Sem previsão no Decreto
C35: XIV - à pena privativa de liberdade por crime contra o patrimônio, cometido sem violência ou grave ameaça a pessoa, com valor do bem estimado não superior a um salário mínimo à época do fato, desde que tenham cumprido, até 25 de dezembro de 2025, três meses da pena privativa de liberdade; | D35: =Cálculo!O114 -> Não preenche os requisitos | E35: Sem previsão no Decreto
C37: XV - à pena privativa de liberdade por crime contra o patrimônio, cometido sem violência ou grave ameaça a pessoa que, até 25 de dezembro de 2025, tenham reparado o dano conforme o disposto no art. 16 ou no art. 65, caput, inciso III, alínea “b”, do Decreto-Lei nº 2.848, de 7 de dezembro de 1940 – Código Penal, excetuada a necessidade de reparação do dano nas hipóteses previstas no art. 12, § 2º, deste Decreto; | D37: =Cálculo!O117 -> Não preenche os requisitos | E37: Sem previsão no Decreto
C39: XVI - a) com paraplegia, tetraplegia, monoplegia, hemiplegia, ostomia, amputação, paralisia, cegueira ou outra deficiência física que acarrete comprometimento análogo, comprovadas por laudo emitido por médico oficial, por médico designado pelo juiz da execução ou, na falta destes, por médico autorizado pelo juiz da execução, desde que essas condições não sejam anteriores à prática do crime; b) infectadas pelo Vírus da Imunodeficiência Humana (Human Immunodeficiency Virus) – HIV, em estágio terminal, comprovado por laudo emitido por médico oficial, por médico designado pelo juiz da execução ou, na falta destes, por médico autorizado pelo juiz da execução; c) gestantes cuja gravidez seja considerada de alto risco, desde que comprovada a condição por laudo emitido por médico oficial, por médico designado pelo juiz da execução ou, na falta destes, por médico autorizado pelo juiz da execução; d) acometidas de doença grave, crônica ou altamente contagiosa, que apresentem grave limitação ambulatorial ou severa restrição para participação regular nas atividades oferecidas pela unidade prisional ou, ainda, que exijam cuidados contínuos que não possam ser adequadamente prestados no estabelecimento, comprovadas a doença e a inadequação por laudo emitido por médico oficial, por médico designado pelo juiz da execução ou, na falta destes, por médico autorizado pelo juiz da execução; ou e) com transtorno do espectro autista severo (grau 3) ou neurodiversas em condição análoga, comprovado por laudo emitido por médico oficial, por médico designado pelo juiz da execução ou, na falta destes, por médico autorizado pelo juiz da execução. | D39: =Cálculo!O120 -> Não preenche os requisitos | E39: Sem previsão no Decreto
C41: Art. 10. Sem prejuízo do disposto neste Decreto, concede-se indulto natalino especial às mulheres presas, nacionais ou migrantes, que, até 25 de dezembro de 2025, cumulativamente: | D41: =Cálculo!O123 -> Não preenche os requisitos | E41: Sem previsão no Decreto
C43: Art. 12. Concede-se o indulto coletivo às pessoas, nacionais e migrantes, condenadas a pena de multa: | D43: =Cálculo!O126 -> A analisar | E43: Sem previsão no Decreto
C46: Comutação - Art. 11 e 13 | E46: Total de Comutação
C47: Art. 11. Concede-se a comutação de pena privativa de liberdade às mulheres, nacionais e migrantes: I - na proporção de um quarto da pena, se reincidentes, quando se tratar de mulheres condenadas à pena privativa de liberdade não superior a oito anos por crime cometido sem violência ou grave ameaça a pessoa, desde que tenham cumprido um terço da pena até 25 de dezembro de 2025; | D47: =Cálculo!O129 -> Não preenche os requisitos | E47: =Cálculo!H145 -> Sem Comutação
C48: Total de pena após a Comutação: | E48: =Cálculo!M145 -> Sem Comutação
C50: Art. 11, II - na proporção de dois terços da pena, se não reincidentes, quando se tratar de mulheres condenadas por crime cometido sem violência ou grave ameaça a pessoa que tenham filho menor de dezesseis anos de idade ou de qualquer idade, se pessoa com deficiência ou com doença crônica grave que necessite de seus cuidados, desde que cumprido um quinto da pena até 25 de dezembro de 2025; e | D50: =Cálculo!O132 -> Não preenche os requisitos | E50: =Cálculo!H146 -> Sem Comutação
C51: Total de pena após a Comutação: | E51: =Cálculo!M146 -> Sem Comutação
C53: Art. 11, III - na proporção da metade da pena, se reincidentes, quando se tratar de mulheres condenadas por crime cometido sem violência ou grave ameaça a pessoa que tenha filho menor de dezesseis anos de idade ou de qualquer idade, se pessoa com deficiência ou com doença crônica grave que necessite de seus cuidados, desde que cumprido um quinto da pena até 25 de dezembro de 2025. | D53: =Cálculo!O135 -> Não preenche os requisitos | E53: =Cálculo!H147 -> Sem Comutação
C54: Total de pena após a Comutação: | E54: =Cálculo!M147 -> Sem Comutação
C56: Art. 13. Concede-se a comutação da pena remanescente na proporção de um quinto da pena às pessoas condenadas à pena privativa de liberdade que tenham cumprido, até 25 de dezembro de 2025, um quinto da pena, se não reincidentes, ou um quarto da pena, se reincidentes. | D56: =Cálculo!O138 -> Não preenche os requisitos | E56: =Cálculo!H148 -> Sem Comutação
C57: Total de pena após a Comutação: | E57: =Cálculo!M148 -> Sem Comutação
C59: Art. 13, § 4º Para as pessoas de que trata o art. 9º, § 2º, a comutação de pena prevista neste artigo será na proporção de dois terços. | D59: =Cálculo!O141 -> Não preenche os requisitos | E59: =Cálculo!H149 -> Sem Comutação
C60: Total de pena após a Comutação: | E60: =Cálculo!M149 -> Sem Comutação
C63: Observações
C64: =Questionario!B124 -> 0
C66: Notas
C67: 1- Esta planilha não dispensa o usuário da necessidade de possuir conhecimento técnico sobre o assunto.
C68: 2- Em nenhuma hipótese, qualquer indicação de Indulto ou Comutação atingirá os crimes impeditivos.
C69: 3- Indicação de Indulto no Art. 9º, incisos I, II, XIV, XV e no Art. 10 não alcança os crimes cometidos com violência ou grave ameaça.
C70: 4- A Comutação prevista no Art. 11 está sendo calculado somente para crimes cometidos sem violência ou grave ameaça.

Sheet Valid_dados
A1: Anos | C1: Meses | E1: Dias | H1: S/N | J1: SEXO | L1: S/N/NA | N1: F/AS/A | P1: TEMPO egressa | R1: TEMPO monitoração | T1: saída temporária | V1: TRABALHO EXTERNO | X1: Estudo
A2: 0 | C2: 0 | E2: 0 | H2: SIM | J2: FEMININO | L2: SIM | N2: FECHADO | P2: NÃO | R2: NÃO | T2: NÃO | V2: NÃO | X2: NÃO
A3: 1 | C3: 1 | E3: 1 | H3: NÃO | J3: MASCULINO | L3: NÃO | N3: SEMIABERTO | P3: HÁ MENOS DE 01 ANO | R3: HÁ MENOS DE 01 ANO E 06 MESES | T3: ATÉ 02 | V3: ATÉ 06 MESES | X3: MENOS DE 12 MESES
A4: 2 | C4: 2 | E4: 2 | L4: NÃO SE APLICA | N4: ABERTO | P4: ENTRE 01 E 02 ANOS | R4: ENTRE 01 ANO E 06 MESES E 03 ANOS | T4: 03 OU 04 | V4: DE 06 À 12 MESES | X4: MAIS DE 12 MESES NOS ÚLTIMOS 3 ANOS
A5: 3 | C5: 3 | E5: 3 | P5: HÁ MAIS DE 02 ANOS | R5: HÁ MAIS DE 03 ANOS | T5: 05 OU MAIS | V5: ACIMA DE 12 MESES | X5: MAIS DE 18 MESES NOS ÚLTIMOS 5 ANOS
A6: 4 | C6: 4 | E6: 4
A7: 5 | C7: 5 | E7: 5
A8: 6 | C8: 6 | E8: 6 | U8: mínimo, doze meses, nos três anos anteriores, se não reincidentes, ou dezoito meses, nos cinco anos anteriores, se reincidentes
A9: 7 | C9: 7 | E9: 7
A10: 8 | C10: 8 | E10: 8
A11: 9 | C11: 9 | E11: 9
A12: 10 | C12: 10 | E12: 10
A13: 11 | C13: 11 | E13: 11
A14: 12 | E14: 12
A15: 13 | E15: 13
A16: 14 | E16: 14
A17: 15 | E17: 15
A18: 16 | E18: 16
A19: 17 | E19: 17
A20: 18 | E20: 18
A21: 19 | E21: 19
A22: 20 | E22: 20
A23: 21 | E23: 21
A24: 22 | E24: 22
A25: 23 | E25: 23
... A32: 30 | E32: 30
A33: 31
A34: 32
A35: 33
A36: 34
A37: 35
A38: 36
A39: 37
A40: 38
A41: 39
A42: 40
A43: 41
A44: 42
... A302: 300

Sheet Somar tempo - Calcular Data
B4: SOMAR TEMPO DE PENA
B5: Anos | C5: Meses | D5: Dias | G5: Total de Dias
G6: =D6+(C6*30)+(B6*360) -> 0
G7: =D7+(C7*30)+(B7*360) -> 0
G8: =D8+(C8*30)+(B8*360) -> 0
G9: =D9+(C9*30)+(B9*360) -> 0
G10: =D10+(C10*30)+(B10*360) -> 0
B11: =IF(SUM(D6:D10)<=30,IF(SUM(C6:C10)<=11,SUM(B6:B10),IF(SUM(C6:C10)<=23,SUM(B6:B10)+1,IF(SUM(C6:C10)<=35,SUM(B6:B10)+2,SUM(B6:B10)+3))), IF(SUM(D6:D10)<=60,IF(SUM(C6:C10)+1<=11,SUM(B6:B10),IF(SUM(C6:C10)+1<=23,SUM(B6:B10)+1,IF(SUM(C6:C10)+1<=35,SUM(B6:B10)+2,SUM(B6:B10)+3))), IF(SUM(D6:D10)<=90,IF(SUM(C6:C10)+2<=11,SUM(B6:B10),IF(SUM(C6:C10)+2<=23,SUM(B6:B10)+1,IF(SUM(C6:C10)+2<=35,SUM(B6:B10)+2,SUM(B6:B10)+3))), "ERRO"))) -> 0 | C11: =IF(SUM(D6:D10)<=30,(IF(SUM(C6:C10)<=11,SUM(C6:C10),IF(SUM(C6:C10)<=23,SUM(C6:C10)-12,IF(SUM(C6:C10)<=35,SUM(C6:C10)-24,SUM(C6:C10)-36)))), IF(SUM(D6:D10)<=60,(IF(SUM(C6:C10)+1<=11,SUM(C6:C10)+1,IF(SUM(C6:C10)+1<=23,SUM(C6:C10)+1-12,IF(SUM(C6:C10)+1<=35,SUM(C6:C10)+1-24,SUM(C6:C10)+1-36)))), IF(SUM(D6:D10)<=90,(IF(SUM(C6:C10)+2<=11,SUM(C6:C10)+2,IF(SUM(C6:C10)+2<=23,SUM(C6:C10)+2-12,IF(SUM(C6:C10)+2<=35,SUM(C6:C10)+2-24,SUM(C6:C10)+2-36)))),"ERRO"))) -> 0 | D11: =IF(SUM(D6:D10)<=30,SUM(D6:D10), IF(SUM(D6:D10)<=60,SUM(D6:D10)-30, IF(SUM(D6:D10)<=90,SUM(D6:D10)-60, "ERRO"))) -> 0 | G11: =SUM(G6:G10) -> 0
B14: DIMINUIR TEMPO DE PENA
B15: Anos | C15: Meses | D15: Dias | G15: Total de Dias
G16: =D16+(C16*30)+(B16*360) -> 0 | I16: =G16/360 -> 0 | J16: =((G16/360)-ROUNDDOWN((G16/360),0))*12 -> 0 | K16: =((((G16/360)-ROUNDDOWN((G16/360),0))*12)-ROUNDDOWN((((G16/360)-ROUNDDOWN((G16/360),0))*12),0))*30 -> 0
G17: =D17+(C17*30)+(B17*360) -> 0 | I17: =G17/360 -> 0 | J17: =((G17/360)-ROUNDDOWN((G17/360),0))*12 -> 0 | K17: =((((G17/360)-ROUNDDOWN((G17/360),0))*12)-ROUNDDOWN((((G17/360)-ROUNDDOWN((G17/360),0))*12),0))*30 -> 0
B18: =""&ROUNDDOWN(I18,0)&" anos "&ROUNDDOWN(J18,0)&" meses "&ROUNDUP(K18,0)&" dias" -> 0 anos 0 meses 0 dias | G18: =G16-G17 -> 0 | I18: =G18/360 -> 0 | J18: =((G18/360)-ROUNDDOWN((G18/360),0))*12 -> 0 | K18: =((((G18/360)-ROUNDDOWN((G18/360),0))*12)-ROUNDDOWN((((G18/360)-ROUNDDOWN((G18/360),0))*12),0))*30 -> 0
B21: CALCULAR TEMPO DE PENA A PARTIR DE UMA DATA
B22: Total da Pena | E22: Pena Imposta 360 | F22: Pena Imposta 365 | G22: Data início | H22: Data Fim
B23: Anos | C23: Meses | D23: Dias
E24: =D24+(C24*30)+(B24*360) -> 0 | F24: =D24+(C24*30)+(B24*365) -> 0 | G24: 46016 | H24: =G24+((F24/365)*365.25) -> 46016
B27: CALCULAR TEMPO DE PENA ENTRE DATAS
B28: Data início | C28: Data Fim | D28: Período | F28: Tempo
D30: =" "&DATEDIF(0,F30,"y")&" anos "&DATEDIF(0,F30,"ym")&" meses "&DATEDIF(0,F30,"md")&" dias" -> 0 anos 0 meses 0 dias | F30: =C30-B30 -> 0
